[
  {
    "id": "a1dcdace-1dfb-44f9-bb3b-f3875331d99a",
    "data": [
      {
        "text": "I dont want to do it now",
        "userDefined": false
      }
    ],
    "isTemplate": false,
    "count": 0,
    "updated": 0
  },
  {
    "id": "9ed2b094-f949-494d-ae55-27cbffeb387e",
    "data": [
      {
        "text": "cancel",
        "userDefined": false
      }
    ],
    "isTemplate": false,
    "count": 0,
    "updated": 0
  },
  {
    "id": "c112ef3d-976b-4ed2-ac16-a84508944c72",
    "data": [
      {
        "text": "no",
        "userDefined": false
      }
    ],
    "isTemplate": false,
    "count": 0,
    "updated": 0
  },
  {
    "id": "7a91b686-8f9d-4f7b-ae25-9161ca4cc3d9",
    "data": [
      {
        "text": "not now",
        "userDefined": false
      }
    ],
    "isTemplate": false,
    "count": 0,
    "updated": 0
  }
]