[
  {
    "id": "ebdd588d-7c2e-42f4-8613-9b8526d1360a",
    "data": [
      {
        "text": "7",
        "userDefined": false
      }
    ],
    "isTemplate": false,
    "count": 0,
    "updated": 0
  },
  {
    "id": "39cf4f41-33d6-42a7-bc36-ee90e5dff97f",
    "data": [
      {
        "text": "seventh",
        "meta": "@sys.ignore",
        "userDefined": false
      }
    ],
    "isTemplate": false,
    "count": 0,
    "updated": 0
  },
  {
    "id": "bfd05a27-ed15-48e6-9474-bc06f5df2804",
    "data": [
      {
        "text": "Mutual Funds",
        "userDefined": false
      }
    ],
    "isTemplate": false,
    "count": 0,
    "updated": 0
  },
  {
    "id": "1616ec17-301f-40af-9e66-7ce24888fb5a",
    "data": [
      {
        "text": "Mutual Funds notified u/s ",
        "userDefined": false
      },
      {
        "text": "10",
        "meta": "@sys.ignore",
        "userDefined": false
      },
      {
        "text": "(23D)",
        "userDefined": false
      }
    ],
    "isTemplate": false,
    "count": 0,
    "updated": 0
  }
]