[
  {
    "id": "e59b410f-1f3a-41b1-8e1a-0a13897314a9",
    "data": [
      {
        "text": "Revert",
        "userDefined": false
      }
    ],
    "isTemplate": false,
    "count": 0,
    "updated": 0
  },
  {
    "id": "069deb49-7912-4d53-b986-42915cd97288",
    "data": [
      {
        "text": "Some other time",
        "userDefined": false
      }
    ],
    "isTemplate": false,
    "count": 0,
    "updated": 0
  },
  {
    "id": "930f0b9f-1549-4f92-b255-a2eaf13079ce",
    "data": [
      {
        "text": "Cancel",
        "userDefined": false
      }
    ],
    "isTemplate": false,
    "count": 0,
    "updated": 0
  },
  {
    "id": "5db4d213-e5ca-4fa8-9d37-0b651dccdcb9",
    "data": [
      {
        "text": "Not now",
        "userDefined": false
      }
    ],
    "isTemplate": false,
    "count": 0,
    "updated": 0
  }
]