[
  {
    "id": "79fce39b-5a5e-4054-82b2-359a49c8519a",
    "data": [
      {
        "text": "Tax Saving Fixed Deposit Receipts in Public Sector Bank or Scheduled Bank for ",
        "userDefined": false
      },
      {
        "text": "5 years",
        "meta": "@sys.ignore",
        "userDefined": false
      }
    ],
    "isTemplate": false,
    "count": 0,
    "updated": 0
  },
  {
    "id": "2454ef6d-2e21-4bd5-a3ae-ac1c59dfd4e4",
    "data": [
      {
        "text": "FD",
        "userDefined": false
      }
    ],
    "isTemplate": false,
    "count": 0,
    "updated": 0
  },
  {
    "id": "33705dec-c47f-41c4-9aa7-4abccfcec9f9",
    "data": [
      {
        "text": "Fixed Deposit",
        "userDefined": false
      }
    ],
    "isTemplate": false,
    "count": 0,
    "updated": 0
  },
  {
    "id": "f1e8945d-c5e4-4fe8-aefc-201056691e89",
    "data": [
      {
        "text": "FDR",
        "userDefined": false
      }
    ],
    "isTemplate": false,
    "count": 0,
    "updated": 0
  },
  {
    "id": "95639b08-3f2f-4258-b6d3-a0b5fd1fdb11",
    "data": [
      {
        "text": "Tax Saving Fixed Deposit Receipts",
        "userDefined": false
      }
    ],
    "isTemplate": false,
    "count": 0,
    "updated": 0
  }
]