[
  {
    "id": "66f70256-fa5e-4795-8815-829d0f2590a3",
    "data": [
      {
        "text": "I dont want to do it now",
        "userDefined": false
      }
    ],
    "isTemplate": false,
    "count": 0,
    "updated": 0
  },
  {
    "id": "50b2a36e-2612-4b9f-a5e1-1e7e0a972ddd",
    "data": [
      {
        "text": "Not now",
        "userDefined": false
      }
    ],
    "isTemplate": false,
    "count": 0,
    "updated": 0
  },
  {
    "id": "c3205080-c07b-4ac4-ba44-7f0086499608",
    "data": [
      {
        "text": "No",
        "userDefined": false
      }
    ],
    "isTemplate": false,
    "count": 0,
    "updated": 0
  }
]