[
  {
    "id": "00dee1d4-23e9-4d63-9a56-3ad3fbba6ad6",
    "data": [
      {
        "text": "Revert",
        "userDefined": false
      }
    ],
    "isTemplate": false,
    "count": 0,
    "updated": 0
  },
  {
    "id": "3b22a339-9fe7-45c3-ad8d-b3c04cf46e21",
    "data": [
      {
        "text": "I don\u0027t want to",
        "userDefined": false
      }
    ],
    "isTemplate": false,
    "count": 0,
    "updated": 0
  },
  {
    "id": "2ffa1291-338f-4e2c-a0e1-94a032811715",
    "data": [
      {
        "text": "Don\u0027t do it",
        "userDefined": false
      }
    ],
    "isTemplate": false,
    "count": 0,
    "updated": 0
  },
  {
    "id": "1c84efd4-bfbb-4172-bda6-e94bab835c13",
    "data": [
      {
        "text": "Never mind",
        "userDefined": false
      }
    ],
    "isTemplate": false,
    "count": 0,
    "updated": 0
  },
  {
    "id": "0cbe6ac6-8f3d-4cbe-aba2-183642b4c27f",
    "data": [
      {
        "text": "Some other time",
        "userDefined": false
      }
    ],
    "isTemplate": false,
    "count": 0,
    "updated": 0
  },
  {
    "id": "ae54f76f-f3de-4afe-aaef-107ea513d669",
    "data": [
      {
        "text": "Not now",
        "userDefined": false
      }
    ],
    "isTemplate": false,
    "count": 0,
    "updated": 0
  }
]