[
  {
    "id": "cc95ea56-ef72-4b6b-8f47-2f16b6e94994",
    "data": [
      {
        "text": "6",
        "meta": "@sys.ignore",
        "userDefined": false
      }
    ],
    "isTemplate": false,
    "count": 0,
    "updated": 0
  },
  {
    "id": "fbec5953-7121-44e2-a343-ae465c52a43c",
    "data": [
      {
        "text": "six",
        "meta": "@sys.ignore",
        "userDefined": false
      }
    ],
    "isTemplate": false,
    "count": 0,
    "updated": 0
  },
  {
    "id": "e5b6cde2-0a2b-4685-9d1b-3333aaf43b8e",
    "data": [
      {
        "text": "Sixth one",
        "meta": "@sys.ignore",
        "userDefined": false
      }
    ],
    "isTemplate": false,
    "count": 0,
    "updated": 0
  },
  {
    "id": "ee76d30e-f3b9-4a35-8f46-57ebcf799f9e",
    "data": [
      {
        "text": "Unit Linked Insurance Plan",
        "userDefined": false
      }
    ],
    "isTemplate": false,
    "count": 0,
    "updated": 0
  },
  {
    "id": "f81040dd-c88f-432c-a253-64719c8c6bc2",
    "data": [
      {
        "text": "Unit Linked",
        "userDefined": false
      }
    ],
    "isTemplate": false,
    "count": 0,
    "updated": 0
  },
  {
    "id": "8b123d8d-2c7a-4c35-9823-d42679369c68",
    "data": [
      {
        "text": "ulip",
        "userDefined": false
      }
    ],
    "isTemplate": false,
    "count": 1,
    "updated": 0
  },
  {
    "id": "25887bc1-c474-457a-a629-8d2c1e0ffd7b",
    "data": [
      {
        "text": "Unit Linked Insurance Plan  (ULIP)",
        "userDefined": false
      }
    ],
    "isTemplate": false,
    "count": 0,
    "updated": 0
  }
]