[
  {
    "id": "6394536d-3a09-49ce-b6c0-fc4c029c872e",
    "data": [
      {
        "text": "Don\u0027t do it",
        "userDefined": false
      }
    ],
    "isTemplate": false,
    "count": 0,
    "updated": 0
  },
  {
    "id": "da02921d-fdde-4393-8045-4996faffb246",
    "data": [
      {
        "text": "Cancel",
        "userDefined": false
      }
    ],
    "isTemplate": false,
    "count": 0,
    "updated": 0
  },
  {
    "id": "975e0d5b-fc77-416c-888b-6aad4ac11aa8",
    "data": [
      {
        "text": "Not now",
        "userDefined": false
      }
    ],
    "isTemplate": false,
    "count": 0,
    "updated": 0
  }
]