[
  {
    "id": "8938f3b9-0b7c-496e-8c7a-f27e5b57eeea",
    "data": [
      {
        "text": "Value is ",
        "userDefined": false
      },
      {
        "text": "33223",
        "alias": "number",
        "meta": "@sys.number",
        "userDefined": false
      }
    ],
    "isTemplate": false,
    "count": 0,
    "updated": 0
  },
  {
    "id": "907d9ade-47de-4db4-9545-52079da4b39f",
    "data": [
      {
        "text": "the amount is ",
        "userDefined": false
      },
      {
        "text": "1231",
        "alias": "number",
        "meta": "@sys.number",
        "userDefined": false
      }
    ],
    "isTemplate": false,
    "count": 0,
    "updated": 0
  },
  {
    "id": "263e074b-b6b4-4c56-88e8-100bfbce00ea",
    "data": [
      {
        "text": "1",
        "alias": "number",
        "meta": "@sys.number",
        "userDefined": false
      }
    ],
    "isTemplate": false,
    "count": 0,
    "updated": 0
  },
  {
    "id": "cdcbb59a-199c-407a-920d-dea40755af9d",
    "data": [
      {
        "text": "1234",
        "alias": "number",
        "meta": "@sys.number",
        "userDefined": false
      }
    ],
    "isTemplate": false,
    "count": 0,
    "updated": 0
  }
]