[
  {
    "id": "0fcfe5fa-462d-4cb6-8d2b-6779e1dce3b0",
    "data": [
      {
        "text": "it is ",
        "userDefined": false
      },
      {
        "text": "6050",
        "alias": "number",
        "meta": "@sys.number",
        "userDefined": false
      }
    ],
    "isTemplate": false,
    "count": 0,
    "updated": 0
  },
  {
    "id": "265d9520-be2f-4b82-8171-1fca417afe0d",
    "data": [
      {
        "text": "the value is ",
        "userDefined": false
      },
      {
        "text": "456490",
        "alias": "number",
        "meta": "@sys.number",
        "userDefined": false
      }
    ],
    "isTemplate": false,
    "count": 0,
    "updated": 0
  },
  {
    "id": "5356da5a-1c02-4a01-9e83-ac631cbb8d2e",
    "data": [
      {
        "text": "the amount is ",
        "userDefined": false
      },
      {
        "text": "12312",
        "alias": "number",
        "meta": "@sys.number",
        "userDefined": false
      }
    ],
    "isTemplate": false,
    "count": 0,
    "updated": 0
  },
  {
    "id": "71e4bae1-ab38-4bbb-abc2-0d6e581c1302",
    "data": [
      {
        "text": "112",
        "alias": "number",
        "meta": "@sys.number",
        "userDefined": true
      }
    ],
    "isTemplate": false,
    "count": 0,
    "updated": 0
  }
]