[
  {
    "id": "2e289e0e-5711-447b-9d86-1e6330e28648",
    "data": [
      {
        "text": "no",
        "userDefined": false
      }
    ],
    "isTemplate": false,
    "count": 0,
    "updated": 0
  },
  {
    "id": "1a69937f-4645-4a3c-ad0f-3929ac3ac330",
    "data": [
      {
        "text": "cancel",
        "userDefined": false
      }
    ],
    "isTemplate": false,
    "count": 0,
    "updated": 0
  },
  {
    "id": "5c8d9620-024b-4002-9d3f-34dc806aec05",
    "data": [
      {
        "text": "I dont want to do it now",
        "userDefined": false
      }
    ],
    "isTemplate": false,
    "count": 0,
    "updated": 0
  },
  {
    "id": "55ba801e-4339-4530-a6bb-debfe80cbbba",
    "data": [
      {
        "text": "not now",
        "userDefined": false
      }
    ],
    "isTemplate": false,
    "count": 0,
    "updated": 0
  }
]