[
  {
    "id": "ed466e8e-ccfb-42e6-b49c-53f7a8ace071",
    "data": [
      {
        "text": "POD",
        "userDefined": false
      }
    ],
    "isTemplate": false,
    "count": 0,
    "updated": 0
  },
  {
    "id": "26310e03-d8b4-4c33-9638-532b42ed9953",
    "data": [
      {
        "text": "Post office scheme",
        "userDefined": false
      }
    ],
    "isTemplate": false,
    "count": 0,
    "updated": 0
  },
  {
    "id": "90c380c0-f281-4386-b0b4-bc23d2bd9ef8",
    "data": [
      {
        "text": "Senior Citizen Scheme",
        "userDefined": false
      }
    ],
    "isTemplate": false,
    "count": 0,
    "updated": 0
  },
  {
    "id": "85b299af-2383-4f8e-acf1-4c6faa496bca",
    "data": [
      {
        "text": "5 Years",
        "meta": "@sys.ignore",
        "userDefined": false
      },
      {
        "text": " Post Office Deposits",
        "userDefined": false
      }
    ],
    "isTemplate": false,
    "count": 0,
    "updated": 0
  }
]