[
  {
    "id": "0f134adb-b043-41f8-9cc5-c57ec5b37c48",
    "data": [
      {
        "text": "3",
        "meta": "@sys.ignore",
        "userDefined": false
      }
    ],
    "isTemplate": false,
    "count": 0,
    "updated": 0
  },
  {
    "id": "43aabf2a-8f72-41b4-a3ea-f51044e956f8",
    "data": [
      {
        "text": "third",
        "meta": "@sys.ignore",
        "userDefined": false
      }
    ],
    "isTemplate": false,
    "count": 0,
    "updated": 0
  },
  {
    "id": "b4e748cd-766f-4d20-b0a2-2f937e2b37c5",
    "data": [
      {
        "text": "LIC",
        "userDefined": false
      }
    ],
    "isTemplate": false,
    "count": 6,
    "updated": 0
  },
  {
    "id": "b68414a1-1f0c-4597-9133-ab254cb093fd",
    "data": [
      {
        "text": "Life Insurance",
        "userDefined": false
      }
    ],
    "isTemplate": false,
    "count": 0,
    "updated": 0
  }
]