[
  {
    "id": "334e920c-c3e4-4e81-8248-9414af5070fe",
    "data": [
      {
        "text": "Tuition fee",
        "userDefined": false
      }
    ],
    "isTemplate": false,
    "count": 1,
    "updated": 0
  },
  {
    "id": "889a8a57-1634-4536-a4b7-ff92a31686d4",
    "data": [
      {
        "text": "Children Tuition fee",
        "userDefined": false
      }
    ],
    "isTemplate": false,
    "count": 0,
    "updated": 0
  },
  {
    "id": "9ce51bb2-380a-43dc-815c-83286e9a1dc2",
    "data": [
      {
        "text": "Children fees",
        "userDefined": false
      }
    ],
    "isTemplate": false,
    "count": 0,
    "updated": 0
  }
]