[
  {
    "id": "3e7e0543-2077-4b9b-9476-d3eeb115b70a",
    "data": [
      {
        "text": "It is ",
        "userDefined": false
      },
      {
        "text": "432",
        "alias": "number",
        "meta": "@sys.number",
        "userDefined": false
      }
    ],
    "isTemplate": false,
    "count": 0,
    "updated": 0
  },
  {
    "id": "2753d64c-9cbe-43a2-8457-88afaacd1e44",
    "data": [
      {
        "text": "The value is ",
        "userDefined": false
      },
      {
        "text": "422",
        "alias": "number",
        "meta": "@sys.number",
        "userDefined": false
      }
    ],
    "isTemplate": false,
    "count": 0,
    "updated": 0
  },
  {
    "id": "6d44a6b0-b84f-4c3d-a807-4737d54fd206",
    "data": [
      {
        "text": "189",
        "alias": "number",
        "meta": "@sys.number",
        "userDefined": false
      }
    ],
    "isTemplate": false,
    "count": 0,
    "updated": 0
  },
  {
    "id": "dab39322-cd5f-43a4-8965-fc7326d5e78d",
    "data": [
      {
        "text": "the amount is ",
        "userDefined": false
      },
      {
        "text": "2342",
        "alias": "number",
        "meta": "@sys.number",
        "userDefined": false
      }
    ],
    "isTemplate": false,
    "count": 0,
    "updated": 0
  },
  {
    "id": "df7d8fd7-dc22-4e16-a966-2d5ebe2cbe3d",
    "data": [
      {
        "text": "11",
        "alias": "number",
        "meta": "@sys.number",
        "userDefined": false
      }
    ],
    "isTemplate": false,
    "count": 0,
    "updated": 0
  }
]