[
  {
    "id": "ab4dd338-784d-41e2-bc79-95ccfb88600e",
    "data": [
      {
        "text": "I dont want to do it now",
        "userDefined": false
      }
    ],
    "isTemplate": false,
    "count": 0,
    "updated": 0
  },
  {
    "id": "9cd85deb-a5fd-465c-8fe5-ab6ebb081916",
    "data": [
      {
        "text": "cancel",
        "userDefined": false
      }
    ],
    "isTemplate": false,
    "count": 0,
    "updated": 0
  },
  {
    "id": "ecaa390a-74ba-47d4-8bf8-bf0c9892c5d2",
    "data": [
      {
        "text": "no",
        "userDefined": false
      }
    ],
    "isTemplate": false,
    "count": 0,
    "updated": 0
  },
  {
    "id": "d47bae4c-7f43-4cfb-b4cb-d3a2f8ee8e8e",
    "data": [
      {
        "text": "not now",
        "userDefined": false
      }
    ],
    "isTemplate": false,
    "count": 0,
    "updated": 0
  }
]