[
  {
    "id": "5165d231-b4ec-40e6-a7ce-0762ae3d0449",
    "data": [
      {
        "text": "cancel",
        "userDefined": false
      }
    ],
    "isTemplate": false,
    "count": 0,
    "updated": 0
  },
  {
    "id": "26999fdc-318a-4a63-a681-1dd132669b78",
    "data": [
      {
        "text": "no",
        "userDefined": false
      }
    ],
    "isTemplate": false,
    "count": 0,
    "updated": 0
  },
  {
    "id": "775ab5b4-3e85-4d60-ac03-857abec466dc",
    "data": [
      {
        "text": "I dont want to do it now",
        "userDefined": false
      }
    ],
    "isTemplate": false,
    "count": 0,
    "updated": 0
  },
  {
    "id": "649d46d8-e95a-4e11-a055-6fc82cba0dfb",
    "data": [
      {
        "text": "not now",
        "userDefined": false
      }
    ],
    "isTemplate": false,
    "count": 0,
    "updated": 0
  }
]