[
  {
    "id": "7bd6fb98-66ab-4ded-8523-252cbe7973b9",
    "data": [
      {
        "text": "Revert",
        "userDefined": false
      }
    ],
    "isTemplate": false,
    "count": 0,
    "updated": 0
  },
  {
    "id": "a47ae987-366c-4d84-a6ab-d96e743b67a9",
    "data": [
      {
        "text": "Some other time",
        "userDefined": false
      }
    ],
    "isTemplate": false,
    "count": 0,
    "updated": 0
  },
  {
    "id": "55a37f4c-869e-4e43-8d07-411956bcebb7",
    "data": [
      {
        "text": "Not now",
        "userDefined": false
      }
    ],
    "isTemplate": false,
    "count": 0,
    "updated": 0
  },
  {
    "id": "b507c0ec-f0e5-43a4-a07e-d637e1c279c4",
    "data": [
      {
        "text": "Don\u0027t do it",
        "userDefined": false
      }
    ],
    "isTemplate": false,
    "count": 0,
    "updated": 0
  },
  {
    "id": "feb3df07-01ff-4557-a0fa-e7f01a387b0d",
    "data": [
      {
        "text": "Cancel",
        "userDefined": false
      }
    ],
    "isTemplate": false,
    "count": 0,
    "updated": 0
  }
]