[
  {
    "id": "82ce033c-9133-4b92-9b1e-f7eb6fb2a587",
    "data": [
      {
        "text": "The value is ",
        "userDefined": false
      },
      {
        "text": "232",
        "alias": "number",
        "meta": "@sys.number",
        "userDefined": true
      }
    ],
    "isTemplate": false,
    "count": 1,
    "updated": 0
  },
  {
    "id": "9853caf7-4425-407a-b192-6a75d8c1976b",
    "data": [
      {
        "text": "the amount is ",
        "userDefined": false
      },
      {
        "text": "231",
        "alias": "number",
        "meta": "@sys.number",
        "userDefined": true
      }
    ],
    "isTemplate": false,
    "count": 0,
    "updated": 0
  },
  {
    "id": "fa9e90a8-19c5-4f6a-b0ea-a5253ab23949",
    "data": [
      {
        "text": "1232",
        "alias": "number",
        "meta": "@sys.number",
        "userDefined": true
      }
    ],
    "isTemplate": false,
    "count": 0,
    "updated": 0
  }
]