[
  {
    "id": "0696edf2-ae7c-44f5-ab9f-9de734e9b4be",
    "data": [
      {
        "text": "Rajiv Gandhi Equity Saving Scheme",
        "userDefined": false
      }
    ],
    "isTemplate": false,
    "count": 0,
    "updated": 0
  },
  {
    "id": "ad9a2643-1d94-4065-abcf-2b7100883b75",
    "data": [
      {
        "text": "Rajiv Gandhi Scheme",
        "userDefined": false
      }
    ],
    "isTemplate": false,
    "count": 0,
    "updated": 0
  },
  {
    "id": "d8e80381-4fde-4ee6-ad15-ff8f2ed94a53",
    "data": [
      {
        "text": "Rajiv Gandhi Equity Scheme",
        "userDefined": false
      }
    ],
    "isTemplate": false,
    "count": 0,
    "updated": 0
  },
  {
    "id": "2ac2a6cc-43ba-496c-8ab9-8baaffb89323",
    "data": [
      {
        "text": "Equity Scheme",
        "userDefined": false
      }
    ],
    "isTemplate": false,
    "count": 0,
    "updated": 0
  },
  {
    "id": "e2ec85dd-6d67-4aa4-b24e-24333fc7c13a",
    "data": [
      {
        "text": "RGESS",
        "userDefined": false
      }
    ],
    "isTemplate": false,
    "count": 0,
    "updated": 0
  }
]