[
  {
    "id": "e61bbea7-63aa-42e7-b4ea-8dcf06e8b896",
    "data": [
      {
        "text": "PPF",
        "userDefined": false
      }
    ],
    "isTemplate": false,
    "count": 0,
    "updated": 0
  },
  {
    "id": "b5a5887d-cd59-4429-bc36-e3841b8a74f4",
    "data": [
      {
        "text": "Public Provident Fund",
        "userDefined": false
      }
    ],
    "isTemplate": false,
    "count": 0,
    "updated": 0
  },
  {
    "id": "6b8f2f50-581c-46e4-a82d-0dd35aa147d1",
    "data": [
      {
        "text": "Public Provident Fund  (PPF)",
        "userDefined": false
      }
    ],
    "isTemplate": false,
    "count": 0,
    "updated": 0
  }
]