[
  {
    "id": "f485729a-1047-46e2-b58d-ce97194e2d83",
    "data": [
      {
        "text": "Amounts contributed to National Pension Scheme",
        "userDefined": false
      }
    ],
    "isTemplate": false,
    "count": 0,
    "updated": 0
  },
  {
    "id": "908f7f99-67c7-4ad6-8b89-2765376585cf",
    "data": [
      {
        "text": "National Pension Scheme",
        "userDefined": false
      }
    ],
    "isTemplate": false,
    "count": 0,
    "updated": 0
  },
  {
    "id": "f6917925-ec0a-49c6-8a0a-9627792e412c",
    "data": [
      {
        "text": "NPS",
        "userDefined": false
      }
    ],
    "isTemplate": false,
    "count": 0,
    "updated": 0
  }
]