[
  {
    "id": "83b2e81c-a761-4c52-b678-e3e4036f54f9",
    "data": [
      {
        "text": "1",
        "alias": "number",
        "meta": "@sys.number",
        "userDefined": false
      }
    ],
    "isTemplate": false,
    "count": 0,
    "updated": 0
  },
  {
    "id": "46a96e5b-a49e-41e0-b3fc-b13044f49d77",
    "data": [
      {
        "text": "Interest is ",
        "userDefined": false
      },
      {
        "text": "1231",
        "alias": "number",
        "meta": "@sys.number",
        "userDefined": false
      }
    ],
    "isTemplate": false,
    "count": 0,
    "updated": 0
  },
  {
    "id": "d4a28f26-e33d-4394-aa6b-6541423aa5ff",
    "data": [
      {
        "text": "The amount is ",
        "userDefined": false
      },
      {
        "text": "1231",
        "alias": "number",
        "meta": "@sys.number",
        "userDefined": false
      }
    ],
    "isTemplate": false,
    "count": 0,
    "updated": 0
  },
  {
    "id": "6a10c393-94c7-41a2-ac3b-508925622b60",
    "data": [
      {
        "text": "1231",
        "alias": "number",
        "meta": "@sys.number",
        "userDefined": false
      }
    ],
    "isTemplate": false,
    "count": 0,
    "updated": 0
  }
]