[
  {
    "id": "9183cc56-b71e-434c-bac7-12c4ab68bcc6",
    "data": [
      {
        "text": "it is ",
        "userDefined": false
      },
      {
        "text": "153",
        "alias": "number",
        "meta": "@sys.number",
        "userDefined": false
      }
    ],
    "isTemplate": false,
    "count": 0,
    "updated": 0
  },
  {
    "id": "448fce9d-9b56-4303-840d-530ad8e7ce52",
    "data": [
      {
        "text": "The value is 251",
        "userDefined": false
      }
    ],
    "isTemplate": false,
    "count": 0,
    "updated": 0
  },
  {
    "id": "30897973-b8da-4416-b4a2-a0570d24a09a",
    "data": [
      {
        "text": "The amount is ",
        "userDefined": false
      },
      {
        "text": "234",
        "alias": "number",
        "meta": "@sys.number",
        "userDefined": false
      }
    ],
    "isTemplate": false,
    "count": 0,
    "updated": 0
  },
  {
    "id": "56646f49-e7ab-4ef0-bfe9-c820e7b0223f",
    "data": [
      {
        "text": "122",
        "alias": "number",
        "meta": "@sys.number",
        "userDefined": false
      }
    ],
    "isTemplate": false,
    "count": 0,
    "updated": 0
  },
  {
    "id": "c5575e09-aa31-4932-bf78-93ec75257688",
    "data": [
      {
        "text": "1",
        "alias": "number",
        "meta": "@sys.number",
        "userDefined": false
      }
    ],
    "isTemplate": false,
    "count": 0,
    "updated": 0
  }
]