[
  {
    "id": "651f0b0d-86a7-4013-acd9-0fdf99af6633",
    "data": [
      {
        "text": "NSC purchases",
        "userDefined": false
      }
    ],
    "isTemplate": false,
    "count": 0,
    "updated": 0
  },
  {
    "id": "e6004ff2-d10b-4802-b0cc-7cc8b6a9b97e",
    "data": [
      {
        "text": "Savings Certificate",
        "userDefined": false
      }
    ],
    "isTemplate": false,
    "count": 0,
    "updated": 0
  },
  {
    "id": "2afaf0b4-77d8-4070-9cc5-c675669bdd5b",
    "data": [
      {
        "text": "National Savings Certificate",
        "userDefined": false
      }
    ],
    "isTemplate": false,
    "count": 0,
    "updated": 0
  },
  {
    "id": "fb738901-c585-45c7-9dfb-35584bd5d384",
    "data": [
      {
        "text": "National Savings Certificate Purchased",
        "userDefined": false
      }
    ],
    "isTemplate": false,
    "count": 0,
    "updated": 0
  }
]