[
  {
    "id": "667a64c9-e0ff-454c-87a0-f214bd372faf",
    "data": [
      {
        "text": "cancel",
        "userDefined": false
      }
    ],
    "isTemplate": false,
    "count": 0,
    "updated": 0
  },
  {
    "id": "dceab3f3-fb50-4828-99d8-be65d7c6d238",
    "data": [
      {
        "text": "no",
        "userDefined": false
      }
    ],
    "isTemplate": false,
    "count": 0,
    "updated": 0
  },
  {
    "id": "4fda4451-d3db-4eba-94af-ebbfa6a97b4a",
    "data": [
      {
        "text": "i dont want to do it now",
        "userDefined": false
      }
    ],
    "isTemplate": false,
    "count": 0,
    "updated": 0
  },
  {
    "id": "f2422097-4df3-47ac-b1e6-ad083d713f54",
    "data": [
      {
        "text": "not now",
        "userDefined": false
      }
    ],
    "isTemplate": false,
    "count": 0,
    "updated": 0
  }
]