[
  {
    "id": "36f932b4-ab22-49b3-8aef-438a0607fd64",
    "data": [
      {
        "text": "I dont want to fill it now",
        "userDefined": false
      }
    ],
    "isTemplate": false,
    "count": 0,
    "updated": 0
  },
  {
    "id": "774e7989-3284-4ae7-bed9-17ecaee39be8",
    "data": [
      {
        "text": "no",
        "userDefined": false
      }
    ],
    "isTemplate": false,
    "count": 0,
    "updated": 0
  },
  {
    "id": "9849269e-c9ed-4a92-a9c9-369a867ab350",
    "data": [
      {
        "text": "cancel",
        "userDefined": false
      }
    ],
    "isTemplate": false,
    "count": 0,
    "updated": 0
  },
  {
    "id": "d460a5cd-43a3-4777-9c57-3b4d6a616607",
    "data": [
      {
        "text": "not now",
        "userDefined": false
      }
    ],
    "isTemplate": false,
    "count": 0,
    "updated": 0
  }
]