[
  {
    "id": "1ee41b93-ff94-4ef6-8844-0868a0b9e79e",
    "data": [
      {
        "text": "the value is ",
        "userDefined": false
      },
      {
        "text": "242",
        "alias": "number",
        "meta": "@sys.number",
        "userDefined": false
      }
    ],
    "isTemplate": false,
    "count": 0,
    "updated": 0
  },
  {
    "id": "2a0d2c85-48ed-4853-8146-47b342cb65b5",
    "data": [
      {
        "text": "the amount is ",
        "userDefined": false
      },
      {
        "text": "123",
        "alias": "number",
        "meta": "@sys.number",
        "userDefined": false
      }
    ],
    "isTemplate": false,
    "count": 0,
    "updated": 0
  },
  {
    "id": "efdf9c09-39d5-4529-8376-47d276f02430",
    "data": [
      {
        "text": "1",
        "alias": "number",
        "meta": "@sys.number",
        "userDefined": false
      }
    ],
    "isTemplate": false,
    "count": 0,
    "updated": 0
  },
  {
    "id": "ff6c34ef-85e4-49aa-8ca1-94f7bf58f289",
    "data": [
      {
        "text": "1211",
        "alias": "number",
        "meta": "@sys.number",
        "userDefined": true
      }
    ],
    "isTemplate": false,
    "count": 0,
    "updated": 0
  }
]