[
  {
    "id": "87b6bfb7-59c1-473d-8e79-cb25d075e0ca",
    "data": [
      {
        "text": "The value is ",
        "userDefined": false
      },
      {
        "text": "1223",
        "alias": "number",
        "meta": "@sys.number",
        "userDefined": true
      }
    ],
    "isTemplate": false,
    "count": 0,
    "updated": 0
  },
  {
    "id": "92389cea-1af9-40ba-96f5-ff2bf0dd345f",
    "data": [
      {
        "text": "The amount is ",
        "userDefined": false
      },
      {
        "text": "2311",
        "alias": "number",
        "meta": "@sys.number",
        "userDefined": false
      }
    ],
    "isTemplate": false,
    "count": 0,
    "updated": 0
  },
  {
    "id": "bc83622a-bbac-4728-9249-1b335d8e8d76",
    "data": [
      {
        "text": "it is ",
        "userDefined": false
      },
      {
        "text": "21",
        "alias": "number",
        "meta": "@sys.number",
        "userDefined": false
      }
    ],
    "isTemplate": false,
    "count": 0,
    "updated": 0
  },
  {
    "id": "c13b76e3-2f0d-4687-a9ea-b0ee9ac6f930",
    "data": [
      {
        "text": "1",
        "alias": "number",
        "meta": "@sys.number",
        "userDefined": false
      }
    ],
    "isTemplate": false,
    "count": 0,
    "updated": 0
  },
  {
    "id": "e34078c0-e1f7-47e2-9544-2280242a1212",
    "data": [
      {
        "text": "121",
        "alias": "number",
        "meta": "@sys.number",
        "userDefined": true
      }
    ],
    "isTemplate": false,
    "count": 0,
    "updated": 0
  }
]