[
  {
    "id": "69e7c400-3a2c-4932-bf79-c3dff136f2be",
    "data": [
      {
        "text": "one",
        "meta": "@sys.ignore",
        "userDefined": false
      }
    ],
    "isTemplate": false,
    "count": 0,
    "updated": 0
  },
  {
    "id": "4ee00d29-b0f3-4247-9c7d-5c71b0b5e190",
    "data": [
      {
        "text": "first",
        "meta": "@sys.ignore",
        "userDefined": false
      }
    ],
    "isTemplate": false,
    "count": 0,
    "updated": 0
  },
  {
    "id": "32cd329c-959d-4e56-9d5a-499d8ef9edfb",
    "data": [
      {
        "text": "first one",
        "meta": "@sys.ignore",
        "userDefined": false
      }
    ],
    "isTemplate": false,
    "count": 0,
    "updated": 0
  },
  {
    "id": "e00c00a1-cd50-4e78-ab80-048fdcdc0cda",
    "data": [
      {
        "text": "Accrued Interest on NSC",
        "userDefined": false
      }
    ],
    "isTemplate": false,
    "count": 0,
    "updated": 0
  }
]