[
  {
    "id": "1f3950a1-bfb5-4f32-8f35-9d2bbfbbc112",
    "data": [
      {
        "text": "Agriculture and Rural Development Bonds",
        "userDefined": false
      }
    ],
    "isTemplate": false,
    "count": 0,
    "updated": 0
  },
  {
    "id": "67f63f8e-86e4-43c1-99ed-02a927b94a72",
    "data": [
      {
        "text": "Agricultural Bonds",
        "userDefined": false
      }
    ],
    "isTemplate": false,
    "count": 0,
    "updated": 0
  },
  {
    "id": "12220780-0081-45ee-9e44-1e4ef39ea48e",
    "data": [
      {
        "text": "Bonds for agriculture",
        "userDefined": false
      }
    ],
    "isTemplate": false,
    "count": 0,
    "updated": 0
  }
]