[
  {
    "id": "75f4b592-7058-4c17-9376-d249dbe0f3f1",
    "data": [
      {
        "text": "Some other time",
        "userDefined": false
      }
    ],
    "isTemplate": false,
    "count": 0,
    "updated": 0
  },
  {
    "id": "56ae474a-2452-41ea-bdae-2dac92034967",
    "data": [
      {
        "text": "Don\u0027t do it",
        "userDefined": false
      }
    ],
    "isTemplate": false,
    "count": 0,
    "updated": 0
  },
  {
    "id": "a920f6c6-f846-4e81-9149-d24864aa0815",
    "data": [
      {
        "text": "cancel",
        "userDefined": false
      }
    ],
    "isTemplate": false,
    "count": 0,
    "updated": 0
  },
  {
    "id": "aefdb5ef-0b05-41b8-ae8d-cf1b7e97e0dc",
    "data": [
      {
        "text": "Not now",
        "userDefined": false
      }
    ],
    "isTemplate": false,
    "count": 0,
    "updated": 0
  }
]