[
  {
    "id": "f727aec9-6cc3-4b61-acc5-345b2a7b6dda",
    "data": [
      {
        "text": "80 c",
        "userDefined": false
      }
    ],
    "isTemplate": false,
    "count": 0,
    "updated": 0
  },
  {
    "id": "3e90eaa5-d560-4b21-ae37-5308247cd5e1",
    "data": [
      {
        "text": "80C",
        "meta": "@sys.ignore",
        "userDefined": false
      }
    ],
    "isTemplate": false,
    "count": 0,
    "updated": 0
  },
  {
    "id": "d87a9721-da01-41ba-a86d-5df4a8a6e97a",
    "data": [
      {
        "text": "Take me to ",
        "userDefined": false
      },
      {
        "text": "80C",
        "meta": "@sys.ignore",
        "userDefined": false
      }
    ],
    "isTemplate": false,
    "count": 0,
    "updated": 0
  },
  {
    "id": "cd4a9190-115e-4766-b9f7-086e08e26638",
    "data": [
      {
        "text": "I want to fill  section ",
        "userDefined": false
      },
      {
        "text": "80C",
        "meta": "@sys.ignore",
        "userDefined": false
      }
    ],
    "isTemplate": false,
    "count": 1,
    "updated": 0
  }
]