[
  {
    "id": "5a45f983-b6c3-446c-a8e5-cef25397e681",
    "data": [
      {
        "text": "amount is ",
        "userDefined": false
      },
      {
        "text": "123",
        "alias": "number",
        "meta": "@sys.number",
        "userDefined": false
      }
    ],
    "isTemplate": false,
    "count": 0,
    "updated": 0
  },
  {
    "id": "f8bdf9f7-8903-4f46-b06d-c952e7dbca8b",
    "data": [
      {
        "text": "123",
        "alias": "number",
        "meta": "@sys.number",
        "userDefined": false
      }
    ],
    "isTemplate": false,
    "count": 0,
    "updated": 0
  }
]