[
  {
    "id": "0190d126-ef16-46d9-aa5c-3b1b1ce860ac",
    "data": [
      {
        "text": "self, spouse \u0026 children",
        "userDefined": false
      }
    ],
    "isTemplate": false,
    "count": 0,
    "updated": 0
  },
  {
    "id": "7885c385-18cd-4bb7-be0b-6b49acd13b33",
    "data": [
      {
        "text": "children",
        "userDefined": false
      }
    ],
    "isTemplate": false,
    "count": 0,
    "updated": 0
  },
  {
    "id": "5fa265da-3dfb-48f4-9fb1-114977c5428f",
    "data": [
      {
        "text": "spouse",
        "userDefined": false
      }
    ],
    "isTemplate": false,
    "count": 0,
    "updated": 0
  },
  {
    "id": "3acb4037-9f54-4417-9f70-6c88be99a4a1",
    "data": [
      {
        "text": "self",
        "userDefined": false
      }
    ],
    "isTemplate": false,
    "count": 0,
    "updated": 0
  }
]