[
  {
    "id": "bd8b48dc-64bb-4015-b230-2ca8bc8d88ff",
    "data": [
      {
        "text": "123",
        "alias": "number",
        "meta": "@sys.number",
        "userDefined": false
      }
    ],
    "isTemplate": false,
    "count": 0,
    "updated": 0
  },
  {
    "id": "ba1e4fb9-60a6-4244-8a87-62c7e8786287",
    "data": [
      {
        "text": "amount is ",
        "userDefined": false
      },
      {
        "text": "123",
        "alias": "number",
        "meta": "@sys.number",
        "userDefined": false
      }
    ],
    "isTemplate": false,
    "count": 0,
    "updated": 0
  }
]