[
  {
    "id": "15b360d1-a9ad-4874-818a-a65a2cc8c0d4",
    "data": [
      {
        "text": "greater than ",
        "userDefined": false
      },
      {
        "text": "80",
        "meta": "@sys.ignore",
        "userDefined": false
      }
    ],
    "isTemplate": false,
    "count": 0,
    "updated": 0
  },
  {
    "id": "a427c6c6-c05e-4a09-8b3b-5f4e3d012669",
    "data": [
      {
        "text": "Greater than or equal to ",
        "userDefined": false
      },
      {
        "text": "80%",
        "meta": "@sys.ignore",
        "userDefined": false
      }
    ],
    "isTemplate": false,
    "count": 0,
    "updated": 0
  },
  {
    "id": "561908ed-56d5-46b9-a205-80dc1ac73329",
    "data": [
      {
        "text": "80%",
        "meta": "@sys.ignore",
        "userDefined": false
      }
    ],
    "isTemplate": false,
    "count": 0,
    "updated": 0
  }
]