[
  {
    "id": "62873c35-6f66-43e7-9bd3-d5afbce492f3",
    "data": [
      {
        "text": "80DD",
        "userDefined": false
      }
    ],
    "isTemplate": false,
    "count": 0,
    "updated": 0
  },
  {
    "id": "cab22557-721f-4513-87c4-809f58b26956",
    "data": [
      {
        "text": "Handicap",
        "userDefined": false
      }
    ],
    "isTemplate": false,
    "count": 0,
    "updated": 0
  },
  {
    "id": "7a24d0ed-45ac-4c3d-80b9-a2a897e94843",
    "data": [
      {
        "text": "Medical treatment for Handicap",
        "userDefined": false
      }
    ],
    "isTemplate": false,
    "count": 0,
    "updated": 0
  }
]