[
  {
    "id": "aa564d68-2fc3-4b00-8908-505d409e7f89",
    "data": [
      {
        "text": "cancel",
        "userDefined": false
      }
    ],
    "isTemplate": false,
    "count": 0,
    "updated": 0
  },
  {
    "id": "e5bbe8ac-2858-4298-942a-2a1a592c62d3",
    "data": [
      {
        "text": "no",
        "userDefined": false
      }
    ],
    "isTemplate": false,
    "count": 0,
    "updated": 0
  },
  {
    "id": "df20b816-bfff-444c-b7ab-3a5f807c94c6",
    "data": [
      {
        "text": "I dont have any",
        "userDefined": false
      }
    ],
    "isTemplate": false,
    "count": 0,
    "updated": 0
  },
  {
    "id": "b0a6a84c-cc78-47b5-8fac-b0145f10f75a",
    "data": [
      {
        "text": "none",
        "userDefined": false
      }
    ],
    "isTemplate": false,
    "count": 0,
    "updated": 0
  },
  {
    "id": "59182a16-abf1-4793-8514-1f537f1072f2",
    "data": [
      {
        "text": "not now",
        "userDefined": false
      }
    ],
    "isTemplate": false,
    "count": 0,
    "updated": 0
  }
]