[
  {
    "id": "2728d8fe-2385-4cea-9e63-6ac81d1cd12e",
    "data": [
      {
        "text": "the amount is ",
        "userDefined": false
      },
      {
        "text": "231",
        "alias": "number",
        "meta": "@sys.number",
        "userDefined": false
      }
    ],
    "isTemplate": false,
    "count": 0,
    "updated": 0
  },
  {
    "id": "c5805b06-495e-4d14-9e54-8a67b9feeb71",
    "data": [
      {
        "text": "1231",
        "alias": "number",
        "meta": "@sys.number",
        "userDefined": false
      }
    ],
    "isTemplate": false,
    "count": 0,
    "updated": 0
  },
  {
    "id": "9e263eba-29a4-4e3a-ae3e-eb1ec4f10a65",
    "data": [
      {
        "text": "23423",
        "alias": "number",
        "meta": "@sys.number",
        "userDefined": false
      }
    ],
    "isTemplate": false,
    "count": 0,
    "updated": 0
  },
  {
    "id": "d42a74f6-2868-4de5-ad0f-3df5639e6951",
    "data": [
      {
        "text": "123",
        "alias": "number",
        "meta": "@sys.number",
        "userDefined": false
      }
    ],
    "isTemplate": false,
    "count": 0,
    "updated": 0
  }
]