[
  {
    "id": "0e19566f-e6d7-46c5-a273-cf424b25b29b",
    "data": [
      {
        "text": "1",
        "alias": "number",
        "meta": "@sys.number",
        "userDefined": false
      }
    ],
    "isTemplate": false,
    "count": 0,
    "updated": 0
  },
  {
    "id": "c8cdb96e-fbe7-4db0-bc34-d081e011c7cd",
    "data": [
      {
        "text": "The amount is ",
        "userDefined": false
      },
      {
        "text": "2341",
        "alias": "number",
        "meta": "@sys.number",
        "userDefined": false
      }
    ],
    "isTemplate": false,
    "count": 0,
    "updated": 0
  },
  {
    "id": "f2eb9ff9-6c8b-4d1f-afca-8b5c5fa52dd5",
    "data": [
      {
        "text": "12312",
        "alias": "number",
        "meta": "@sys.number",
        "userDefined": false
      }
    ],
    "isTemplate": false,
    "count": 0,
    "updated": 0
  }
]