[
  {
    "id": "94cf7565-e4e9-4c61-bb6a-b6faa36723e6",
    "data": [
      {
        "text": "60",
        "meta": "@sys.ignore",
        "userDefined": false
      },
      {
        "text": "-",
        "userDefined": false
      },
      {
        "text": "80",
        "meta": "@sys.ignore",
        "userDefined": false
      }
    ],
    "isTemplate": false,
    "count": 0,
    "updated": 0
  },
  {
    "id": "b5c2b0f2-b1b0-455a-a9c5-df9a01460030",
    "data": [
      {
        "text": "Age greater than ",
        "userDefined": false
      },
      {
        "text": "60",
        "meta": "@sys.ignore",
        "userDefined": false
      }
    ],
    "isTemplate": false,
    "count": 0,
    "updated": 0
  },
  {
    "id": "41f778fa-9752-4fa7-a944-18baed59f43b",
    "data": [
      {
        "text": "Age 60-80",
        "userDefined": false
      }
    ],
    "isTemplate": false,
    "count": 0,
    "updated": 0
  },
  {
    "id": "d391dda0-a1f6-4e4a-97c8-84713779be15",
    "data": [
      {
        "text": "greater than ",
        "userDefined": false
      },
      {
        "text": "60",
        "meta": "@sys.ignore",
        "userDefined": false
      }
    ],
    "isTemplate": false,
    "count": 0,
    "updated": 0
  },
  {
    "id": "edec1fc3-94e5-455c-9449-8ce6219a548e",
    "data": [
      {
        "text": "Senior Citizen",
        "userDefined": false
      }
    ],
    "isTemplate": false,
    "count": 0,
    "updated": 0
  }
]