[
  {
    "id": "662ebea0-9932-4c45-a234-bc324c82285f",
    "data": [
      {
        "text": "Medical Treatment for Specified disease",
        "userDefined": false
      }
    ],
    "isTemplate": false,
    "count": 0,
    "updated": 0
  },
  {
    "id": "26adef85-ea1f-4767-9575-79317ce59c6b",
    "data": [
      {
        "text": "Section 80DDB",
        "userDefined": false
      }
    ],
    "isTemplate": false,
    "count": 0,
    "updated": 0
  },
  {
    "id": "b991b471-c3fd-42db-89c4-b69146c88b7c",
    "data": [
      {
        "text": "80DDB",
        "userDefined": false
      }
    ],
    "isTemplate": false,
    "count": 0,
    "updated": 0
  }
]