[
  {
    "id": "b5ec8357-2e9e-44e1-8434-3eb2740d0607",
    "data": [
      {
        "text": "cancel",
        "userDefined": false
      }
    ],
    "isTemplate": false,
    "count": 0,
    "updated": 0
  },
  {
    "id": "ffadc394-6b08-4284-89c6-f7b42d160a1f",
    "data": [
      {
        "text": "no",
        "userDefined": false
      }
    ],
    "isTemplate": false,
    "count": 0,
    "updated": 0
  },
  {
    "id": "95d9bbc1-77e0-43f2-951a-55c3a504956c",
    "data": [
      {
        "text": "I dont have any",
        "userDefined": false
      }
    ],
    "isTemplate": false,
    "count": 0,
    "updated": 0
  },
  {
    "id": "a7fd9df9-60cc-4790-9953-b4c4f8dbea3b",
    "data": [
      {
        "text": "none",
        "userDefined": false
      }
    ],
    "isTemplate": false,
    "count": 0,
    "updated": 0
  },
  {
    "id": "b2d3c32d-3c41-44a7-96dd-abeb7f6bb52d",
    "data": [
      {
        "text": "not now",
        "userDefined": false
      }
    ],
    "isTemplate": false,
    "count": 0,
    "updated": 0
  }
]