[
  {
    "id": "dc051911-330d-42f5-b42b-ed55d8266853",
    "data": [
      {
        "text": "1",
        "alias": "number",
        "meta": "@sys.number",
        "userDefined": false
      }
    ],
    "isTemplate": false,
    "count": 0,
    "updated": 0
  },
  {
    "id": "aee31ef4-8ffc-481e-b7d3-dbd0ec99a9ad",
    "data": [
      {
        "text": "The amount is ",
        "userDefined": false
      },
      {
        "text": "2341",
        "alias": "number",
        "meta": "@sys.number",
        "userDefined": false
      }
    ],
    "isTemplate": false,
    "count": 0,
    "updated": 0
  },
  {
    "id": "21a0e3cd-7878-4a03-9256-1b59f1e8e803",
    "data": [
      {
        "text": "12312",
        "alias": "number",
        "meta": "@sys.number",
        "userDefined": false
      }
    ],
    "isTemplate": false,
    "count": 0,
    "updated": 0
  }
]