[
  {
    "id": "e9049a6a-0e01-431e-8918-24b512955cad",
    "data": [
      {
        "text": "80 or more",
        "userDefined": false
      }
    ],
    "isTemplate": false,
    "count": 0,
    "updated": 0
  },
  {
    "id": "dd8c52dd-fb48-4dd1-9061-ab2ee585a9fc",
    "data": [
      {
        "text": "Age greater than ",
        "userDefined": false
      },
      {
        "text": "80",
        "meta": "@sys.ignore",
        "userDefined": false
      }
    ],
    "isTemplate": false,
    "count": 0,
    "updated": 0
  },
  {
    "id": "7f49cd77-241f-49d7-8375-404841ff0886",
    "data": [
      {
        "text": "older than ",
        "userDefined": false
      },
      {
        "text": "80",
        "meta": "@sys.ignore",
        "userDefined": false
      }
    ],
    "isTemplate": false,
    "count": 0,
    "updated": 0
  },
  {
    "id": "430ec8e9-02ee-443e-ae64-143b5cd93801",
    "data": [
      {
        "text": "super senior citizen",
        "userDefined": false
      }
    ],
    "isTemplate": false,
    "count": 0,
    "updated": 0
  },
  {
    "id": "a0cac270-019e-4831-b503-04d134087241",
    "data": [
      {
        "text": "greater than ",
        "userDefined": false
      },
      {
        "text": "80",
        "meta": "@sys.ignore",
        "userDefined": false
      }
    ],
    "isTemplate": false,
    "count": 0,
    "updated": 0
  }
]