[
  {
    "id": "da8c5788-232a-4997-af65-c00866ad872e",
    "data": [
      {
        "text": "0",
        "meta": "@sys.ignore",
        "userDefined": false
      },
      {
        "text": "-",
        "userDefined": false
      },
      {
        "text": "60",
        "meta": "@sys.ignore",
        "userDefined": false
      }
    ],
    "isTemplate": false,
    "count": 0,
    "updated": 0
  },
  {
    "id": "80f5f13f-2656-4c42-a727-bd5806844586",
    "data": [
      {
        "text": "Age less than ",
        "userDefined": false
      },
      {
        "text": "60",
        "meta": "@sys.ignore",
        "userDefined": false
      }
    ],
    "isTemplate": false,
    "count": 0,
    "updated": 0
  },
  {
    "id": "290df246-763c-4d99-884b-aed541276c8f",
    "data": [
      {
        "text": "Less than ",
        "userDefined": false
      },
      {
        "text": "60",
        "meta": "@sys.ignore",
        "userDefined": false
      }
    ],
    "isTemplate": false,
    "count": 0,
    "updated": 0
  }
]