[
  {
    "id": "329a51d1-e264-4088-ac85-6db8b486f094",
    "data": [
      {
        "text": "the amount is ",
        "userDefined": false
      },
      {
        "text": "231",
        "alias": "number",
        "meta": "@sys.number",
        "userDefined": false
      }
    ],
    "isTemplate": false,
    "count": 0,
    "updated": 0
  },
  {
    "id": "aa99dc85-6325-4484-8c7a-4aee92ea7677",
    "data": [
      {
        "text": "1231",
        "alias": "number",
        "meta": "@sys.number",
        "userDefined": false
      }
    ],
    "isTemplate": false,
    "count": 0,
    "updated": 0
  },
  {
    "id": "a9e57a54-df94-4288-aa9c-6b5551766ff4",
    "data": [
      {
        "text": "23423",
        "alias": "number",
        "meta": "@sys.number",
        "userDefined": false
      }
    ],
    "isTemplate": false,
    "count": 0,
    "updated": 0
  },
  {
    "id": "04d94cb5-8d62-4e34-b2a5-b8e3e3c0cd40",
    "data": [
      {
        "text": "123",
        "alias": "number",
        "meta": "@sys.number",
        "userDefined": false
      }
    ],
    "isTemplate": false,
    "count": 0,
    "updated": 0
  }
]