[
  {
    "id": "f7e47f37-17b2-4133-954b-382106f78e11",
    "data": [
      {
        "text": "1",
        "alias": "number",
        "meta": "@sys.number",
        "userDefined": false
      }
    ],
    "isTemplate": false,
    "count": 0,
    "updated": 0
  },
  {
    "id": "63992016-6ac4-487a-8101-112d704bd659",
    "data": [
      {
        "text": "The amount is ",
        "userDefined": false
      },
      {
        "text": "2341",
        "alias": "number",
        "meta": "@sys.number",
        "userDefined": false
      }
    ],
    "isTemplate": false,
    "count": 0,
    "updated": 0
  },
  {
    "id": "397efd9b-292e-46b7-ba80-a3509d0d5a48",
    "data": [
      {
        "text": "12312",
        "alias": "number",
        "meta": "@sys.number",
        "userDefined": false
      }
    ],
    "isTemplate": false,
    "count": 0,
    "updated": 0
  }
]