[
  {
    "id": "bc84268b-7b64-477a-bc95-79a8a66326e6",
    "data": [
      {
        "text": "The amount is Rs ",
        "userDefined": false
      },
      {
        "text": "1231",
        "alias": "number",
        "meta": "@sys.number",
        "userDefined": false
      }
    ],
    "isTemplate": false,
    "count": 0,
    "updated": 0
  },
  {
    "id": "30786699-a834-4501-9548-cd946ba75b27",
    "data": [
      {
        "text": "1231",
        "alias": "number",
        "meta": "@sys.number",
        "userDefined": false
      }
    ],
    "isTemplate": false,
    "count": 0,
    "updated": 0
  },
  {
    "id": "bab74d0f-8dd8-4ea4-8363-67f4dd08141c",
    "data": [
      {
        "text": "121",
        "alias": "number",
        "meta": "@sys.number",
        "userDefined": false
      }
    ],
    "isTemplate": false,
    "count": 0,
    "updated": 0
  }
]