[
  {
    "id": "0ad12a45-1dc6-461a-b7e1-fd33dc215f58",
    "data": [
      {
        "text": "i dont want to do it now.",
        "userDefined": false
      }
    ],
    "isTemplate": false,
    "count": 0,
    "updated": 0
  },
  {
    "id": "f9b36aa5-682a-4236-8854-d68a41a505c1",
    "data": [
      {
        "text": "no",
        "userDefined": false
      }
    ],
    "isTemplate": false,
    "count": 0,
    "updated": 0
  },
  {
    "id": "5c89ca5c-6f1d-4eb1-a76b-fc153ba94b85",
    "data": [
      {
        "text": "cancel",
        "userDefined": false
      }
    ],
    "isTemplate": false,
    "count": 0,
    "updated": 0
  },
  {
    "id": "55af1590-8eb4-4086-954b-1289a4faad79",
    "data": [
      {
        "text": "not now",
        "userDefined": false
      }
    ],
    "isTemplate": false,
    "count": 0,
    "updated": 0
  }
]