[
  {
    "id": "8c765122-5bb0-47ad-ac75-80f7a736ea24",
    "data": [
      {
        "text": "the amount is ",
        "userDefined": false
      },
      {
        "text": "231",
        "alias": "number",
        "meta": "@sys.number",
        "userDefined": false
      }
    ],
    "isTemplate": false,
    "count": 0,
    "updated": 0
  },
  {
    "id": "edff8d4d-75d0-463b-b2d7-bd1715964720",
    "data": [
      {
        "text": "1231",
        "alias": "number",
        "meta": "@sys.number",
        "userDefined": false
      }
    ],
    "isTemplate": false,
    "count": 0,
    "updated": 0
  },
  {
    "id": "00435ada-082a-4130-9203-8638907fe00c",
    "data": [
      {
        "text": "23423",
        "alias": "number",
        "meta": "@sys.number",
        "userDefined": false
      }
    ],
    "isTemplate": false,
    "count": 0,
    "updated": 0
  },
  {
    "id": "aa35637a-c715-462f-b984-043ce82fd147",
    "data": [
      {
        "text": "123",
        "alias": "number",
        "meta": "@sys.number",
        "userDefined": false
      }
    ],
    "isTemplate": false,
    "count": 0,
    "updated": 0
  }
]