[
  {
    "id": "40013f70-e5e7-4d62-a188-611b5a10fe24",
    "data": [
      {
        "text": "cancel",
        "userDefined": false
      }
    ],
    "isTemplate": false,
    "count": 0,
    "updated": 0
  },
  {
    "id": "15e2c042-d85c-4902-a8f1-4404298bfcf7",
    "data": [
      {
        "text": "no",
        "userDefined": false
      }
    ],
    "isTemplate": false,
    "count": 0,
    "updated": 0
  },
  {
    "id": "2b5dc065-2e92-4682-b5ef-76bea8ca7feb",
    "data": [
      {
        "text": "I dont have any",
        "userDefined": false
      }
    ],
    "isTemplate": false,
    "count": 0,
    "updated": 0
  },
  {
    "id": "03059246-fdce-4f95-a538-4cdf9a6e49c8",
    "data": [
      {
        "text": "none",
        "userDefined": false
      }
    ],
    "isTemplate": false,
    "count": 0,
    "updated": 0
  },
  {
    "id": "9a196361-09b3-4769-a44b-05c6f9b147b5",
    "data": [
      {
        "text": "not now",
        "userDefined": false
      }
    ],
    "isTemplate": false,
    "count": 0,
    "updated": 0
  }
]