[
  {
    "id": "90acae3d-f204-4bf1-aee6-70a4659a2125",
    "data": [
      {
        "text": "greater than ",
        "userDefined": false
      },
      {
        "text": "80",
        "meta": "@sys.ignore",
        "userDefined": false
      }
    ],
    "isTemplate": false,
    "count": 0,
    "updated": 0
  },
  {
    "id": "8ed539db-2980-4074-901b-ffd256a6c35f",
    "data": [
      {
        "text": "Greater than or equal to ",
        "userDefined": false
      },
      {
        "text": "80%",
        "meta": "@sys.ignore",
        "userDefined": false
      }
    ],
    "isTemplate": false,
    "count": 0,
    "updated": 0
  },
  {
    "id": "ac21ee1c-041a-41bb-b36b-e92a49126043",
    "data": [
      {
        "text": "80%",
        "meta": "@sys.ignore",
        "userDefined": false
      }
    ],
    "isTemplate": false,
    "count": 0,
    "updated": 0
  }
]