[
  {
    "id": "667f4338-6822-412c-a015-6c03e288fb19",
    "data": [
      {
        "text": "Physical Disability",
        "userDefined": false
      }
    ],
    "isTemplate": false,
    "count": 0,
    "updated": 0
  },
  {
    "id": "3ad425a0-aaf8-4a83-bc98-eafd84574feb",
    "data": [
      {
        "text": "Sec 80U",
        "userDefined": false
      }
    ],
    "isTemplate": false,
    "count": 0,
    "updated": 0
  },
  {
    "id": "0a8645f7-839d-4b9c-a3f5-528b70a8365f",
    "data": [
      {
        "text": "Section 80U",
        "userDefined": false
      }
    ],
    "isTemplate": false,
    "count": 0,
    "updated": 0
  },
  {
    "id": "9295728c-7dca-41ca-8dde-89bf75a57317",
    "data": [
      {
        "text": "80U",
        "userDefined": false
      }
    ],
    "isTemplate": false,
    "count": 0,
    "updated": 0
  }
]