[
  {
    "id": "d1234711-6cd9-4cd0-a759-b65a003d2e1e",
    "data": [
      {
        "text": "main menu",
        "userDefined": false
      }
    ],
    "isTemplate": false,
    "count": 0,
    "updated": 0
  },
  {
    "id": "5e3ea1c5-2429-4dea-b78c-ed389eb8a846",
    "data": [
      {
        "text": "main page",
        "userDefined": false
      }
    ],
    "isTemplate": false,
    "count": 0,
    "updated": 0
  },
  {
    "id": "066aadc9-af9c-4451-89e8-c933a50c485f",
    "data": [
      {
        "text": "section menu",
        "userDefined": false
      }
    ],
    "isTemplate": false,
    "count": 0,
    "updated": 0
  },
  {
    "id": "7a688963-fbac-4048-af0a-d405aa5875df",
    "data": [
      {
        "text": "all sections",
        "userDefined": false
      }
    ],
    "isTemplate": false,
    "count": 0,
    "updated": 0
  },
  {
    "id": "913bfd65-1bf8-442c-84e7-dfe903d21d74",
    "data": [
      {
        "text": "show me all the sections",
        "userDefined": false
      }
    ],
    "isTemplate": false,
    "count": 0,
    "updated": 0
  },
  {
    "id": "7a53bf89-fae2-4085-a32f-7eaf00d2b5cd",
    "data": [
      {
        "text": "take me to main menu",
        "userDefined": false
      }
    ],
    "isTemplate": false,
    "count": 0,
    "updated": 0
  }
]