[
  {
    "id": "6a8046d2-cb34-400e-acf0-c708584eb3be",
    "data": [
      {
        "text": "Reimbursement",
        "userDefined": false
      }
    ],
    "isTemplate": false,
    "count": 0,
    "updated": 0
  },
  {
    "id": "606b90cd-c4ef-47b8-b851-16fabdfd5a3f",
    "data": [
      {
        "text": "Reimbursement details",
        "userDefined": false
      }
    ],
    "isTemplate": false,
    "count": 0,
    "updated": 0
  },
  {
    "id": "0c8d4df6-cea1-4165-bb41-9ae9e49874f3",
    "data": [
      {
        "text": "Reimburse",
        "userDefined": false
      }
    ],
    "isTemplate": false,
    "count": 0,
    "updated": 0
  },
  {
    "id": "91ac7109-73aa-4a06-a8be-0ad5642a6bfa",
    "data": [
      {
        "text": "Take me to reimbursement section",
        "userDefined": false
      }
    ],
    "isTemplate": false,
    "count": 0,
    "updated": 0
  },
  {
    "id": "83da222a-d39e-4312-b00c-3bdcc495f6e5",
    "data": [
      {
        "text": "I want to fill reimbursement details",
        "userDefined": false
      }
    ],
    "isTemplate": false,
    "count": 0,
    "updated": 0
  }
]