[
  {
    "id": "a5fb7fd4-35ef-457a-9a68-e5b9b657db6e",
    "data": [
      {
        "text": "automobile",
        "userDefined": false
      }
    ],
    "isTemplate": false,
    "count": 0,
    "updated": 0
  },
  {
    "id": "8d3c41fd-63f4-4c7d-ac54-c02f3dbfee1f",
    "data": [
      {
        "text": "bike related",
        "userDefined": false
      }
    ],
    "isTemplate": false,
    "count": 0,
    "updated": 0
  },
  {
    "id": "8b9b6624-eb46-4888-bbd3-7d28682c9d7d",
    "data": [
      {
        "text": "car related",
        "userDefined": false
      }
    ],
    "isTemplate": false,
    "count": 0,
    "updated": 0
  },
  {
    "id": "33693fd8-80cc-4d5c-935b-bdce4b360401",
    "data": [
      {
        "text": "vehicle maintenance",
        "userDefined": false
      }
    ],
    "isTemplate": false,
    "count": 0,
    "updated": 0
  },
  {
    "id": "33e1a0c9-6156-484e-8b88-a3bfbc1722f8",
    "data": [
      {
        "text": "three",
        "meta": "@sys.ignore",
        "userDefined": false
      }
    ],
    "isTemplate": false,
    "count": 0,
    "updated": 0
  },
  {
    "id": "1329e4be-a52c-478e-b3ad-133349ca2505",
    "data": [
      {
        "text": "third one",
        "meta": "@sys.ignore",
        "userDefined": false
      }
    ],
    "isTemplate": false,
    "count": 0,
    "updated": 0
  },
  {
    "id": "03294cdb-40f6-4835-9684-1b6026468412",
    "data": [
      {
        "text": "the ",
        "userDefined": false
      },
      {
        "text": "third one",
        "meta": "@sys.ignore",
        "userDefined": false
      }
    ],
    "isTemplate": false,
    "count": 0,
    "updated": 0
  },
  {
    "id": "5c325bb7-2997-4dd4-be8f-0ee9ff9cf283",
    "data": [
      {
        "text": "3",
        "meta": "@sys.ignore",
        "userDefined": false
      }
    ],
    "isTemplate": false,
    "count": 0,
    "updated": 0
  },
  {
    "id": "cc6d70a1-95a8-492d-b2b5-f8e5772d37ab",
    "data": [
      {
        "text": "third",
        "meta": "@sys.ignore",
        "userDefined": false
      }
    ],
    "isTemplate": false,
    "count": 0,
    "updated": 0
  }
]