[
  {
    "id": "342eba0b-f6f3-4719-ad9c-f6347f5866dd",
    "data": [
      {
        "text": "Club Fees",
        "userDefined": false
      }
    ],
    "isTemplate": false,
    "count": 0,
    "updated": 0
  },
  {
    "id": "0ef23704-97d4-43e4-90e6-ef83a48e4aa4",
    "data": [
      {
        "text": "Club",
        "userDefined": false
      }
    ],
    "isTemplate": false,
    "count": 0,
    "updated": 0
  },
  {
    "id": "00109afb-2030-4a8a-8b72-c87b0c3253ed",
    "data": [
      {
        "text": "Club fees Reimbursement",
        "userDefined": false
      }
    ],
    "isTemplate": false,
    "count": 0,
    "updated": 0
  }
]