[
  {
    "id": "4979a50e-6e39-4dc4-8240-258193ecb842",
    "data": [
      {
        "text": "second one",
        "meta": "@sys.ignore",
        "userDefined": false
      }
    ],
    "isTemplate": false,
    "count": 0,
    "updated": 0
  },
  {
    "id": "f9a354a3-5821-4b55-bc2a-ccdb8e5f5b00",
    "data": [
      {
        "text": "second",
        "meta": "@sys.ignore",
        "userDefined": false
      }
    ],
    "isTemplate": false,
    "count": 0,
    "updated": 0
  },
  {
    "id": "3c6560e4-7ef9-4a0d-ab27-513d8dfd5e53",
    "data": [
      {
        "text": "2",
        "meta": "@sys.ignore",
        "userDefined": false
      }
    ],
    "isTemplate": false,
    "count": 0,
    "updated": 0
  },
  {
    "id": "a2c82746-24fa-4ebf-af63-77de033e493c",
    "data": [
      {
        "text": "attire",
        "userDefined": false
      }
    ],
    "isTemplate": false,
    "count": 0,
    "updated": 0
  },
  {
    "id": "3480c9c0-bfc4-46f7-bbbe-eb98e463060e",
    "data": [
      {
        "text": "office attire",
        "userDefined": false
      }
    ],
    "isTemplate": false,
    "count": 0,
    "updated": 0
  },
  {
    "id": "e1591fe9-ff07-494b-af59-3175cf790c1f",
    "data": [
      {
        "text": "office",
        "userDefined": false
      }
    ],
    "isTemplate": false,
    "count": 0,
    "updated": 0
  },
  {
    "id": "dbbdd43b-134a-4934-9ae2-7ca57c85ec94",
    "data": [
      {
        "text": "office attire allowance",
        "userDefined": false
      }
    ],
    "isTemplate": false,
    "count": 0,
    "updated": 0
  }
]