[
  {
    "id": "d77f06cb-aba7-40e3-acf1-e039a2104796",
    "data": [
      {
        "text": "The amount is 123123",
        "userDefined": false
      }
    ],
    "isTemplate": false,
    "count": 0,
    "updated": 0
  },
  {
    "id": "2d0344f2-b73d-474b-aaf5-b16839e3e3e8",
    "data": [
      {
        "text": "Reimbursement is ",
        "userDefined": false
      },
      {
        "text": "23123",
        "alias": "number",
        "meta": "@sys.number",
        "userDefined": false
      }
    ],
    "isTemplate": false,
    "count": 0,
    "updated": 0
  },
  {
    "id": "36f296bf-ac2d-4d7c-ad45-5887a225efaa",
    "data": [
      {
        "text": "The value is ",
        "userDefined": false
      },
      {
        "text": "123123",
        "alias": "number",
        "meta": "@sys.number",
        "userDefined": false
      }
    ],
    "isTemplate": false,
    "count": 0,
    "updated": 0
  },
  {
    "id": "1692a859-4834-4683-a08d-2724fa90de68",
    "data": [
      {
        "text": "one",
        "alias": "number",
        "meta": "@sys.number",
        "userDefined": false
      }
    ],
    "isTemplate": false,
    "count": 0,
    "updated": 0
  },
  {
    "id": "677410e3-7951-4071-9e97-aaeb8f32725b",
    "data": [
      {
        "text": "1",
        "alias": "number",
        "meta": "@sys.number",
        "userDefined": false
      }
    ],
    "isTemplate": false,
    "count": 0,
    "updated": 0
  },
  {
    "id": "d2538fdf-b6b9-477d-bab4-96c3e7e1d15e",
    "data": [
      {
        "text": "532412",
        "alias": "number",
        "meta": "@sys.number",
        "userDefined": false
      }
    ],
    "isTemplate": false,
    "count": 0,
    "updated": 0
  },
  {
    "id": "cb80517a-d6d7-474a-a510-9421959e8e90",
    "data": [
      {
        "text": "1234",
        "alias": "number",
        "meta": "@sys.number",
        "userDefined": false
      }
    ],
    "isTemplate": false,
    "count": 0,
    "updated": 0
  }
]