[
  {
    "id": "d435cd64-d4db-480b-8fe5-92b41d3948e4",
    "data": [
      {
        "text": "cancel",
        "userDefined": false
      }
    ],
    "isTemplate": false,
    "count": 0,
    "updated": 0
  },
  {
    "id": "f0e88df2-56b7-44ab-9a18-cbef23797dcf",
    "data": [
      {
        "text": "cancel this",
        "userDefined": false
      }
    ],
    "isTemplate": false,
    "count": 0,
    "updated": 0
  },
  {
    "id": "f3c25b9a-9f36-4715-bf3c-56b4badee7b5",
    "data": [
      {
        "text": "later",
        "userDefined": false
      }
    ],
    "isTemplate": false,
    "count": 0,
    "updated": 0
  },
  {
    "id": "c7ecd971-bd22-4a5d-af52-998b1f0acb95",
    "data": [
      {
        "text": "revert",
        "userDefined": false
      }
    ],
    "isTemplate": false,
    "count": 0,
    "updated": 0
  },
  {
    "id": "9df4e334-5c19-4ae6-a96e-d9e0fb3a73d4",
    "data": [
      {
        "text": "i dont want to do this right now",
        "userDefined": false
      }
    ],
    "isTemplate": false,
    "count": 0,
    "updated": 0
  },
  {
    "id": "7fa4fe87-d5ba-4b8d-a5f2-9f5d24298786",
    "data": [
      {
        "text": "no",
        "userDefined": false
      }
    ],
    "isTemplate": false,
    "count": 0,
    "updated": 0
  },
  {
    "id": "b1be6ac4-fcff-4713-8a6e-fc2374b76cec",
    "data": [
      {
        "text": "not now",
        "userDefined": false
      }
    ],
    "isTemplate": false,
    "count": 0,
    "updated": 0
  }
]