[
  {
    "id": "1cc43360-1175-46cf-848e-de2241ccd165",
    "data": [
      {
        "text": "the amount is ",
        "userDefined": false
      },
      {
        "text": "234324",
        "alias": "number",
        "meta": "@sys.number",
        "userDefined": false
      }
    ],
    "isTemplate": false,
    "count": 0,
    "updated": 0
  },
  {
    "id": "aa25f579-f109-4548-8b4e-e8a72e701825",
    "data": [
      {
        "text": "Reimbursement is ",
        "userDefined": false
      },
      {
        "text": "324453",
        "alias": "number",
        "meta": "@sys.number",
        "userDefined": false
      }
    ],
    "isTemplate": false,
    "count": 0,
    "updated": 0
  },
  {
    "id": "28a278d3-6930-43c3-9fe2-c89620dd7d0b",
    "data": [
      {
        "text": "the value is ",
        "userDefined": false
      },
      {
        "text": "123123",
        "alias": "number",
        "meta": "@sys.number",
        "userDefined": false
      }
    ],
    "isTemplate": false,
    "count": 0,
    "updated": 0
  },
  {
    "id": "ead6a7f6-219b-4dee-a328-4b0d6c6ea5e9",
    "data": [
      {
        "text": "123123",
        "alias": "number",
        "meta": "@sys.number",
        "userDefined": false
      }
    ],
    "isTemplate": false,
    "count": 0,
    "updated": 0
  },
  {
    "id": "9a8fe066-f8ee-4e8e-9a4b-9daef71ac95f",
    "data": [
      {
        "text": "1",
        "alias": "number",
        "meta": "@sys.number",
        "userDefined": false
      }
    ],
    "isTemplate": false,
    "count": 0,
    "updated": 0
  }
]