[
  {
    "id": "288582fa-e71e-4216-b02b-dd8dbaa17dac",
    "data": [
      {
        "text": "The amount is  ",
        "userDefined": false
      },
      {
        "text": "123123",
        "alias": "number",
        "meta": "@sys.number",
        "userDefined": true
      }
    ],
    "isTemplate": false,
    "count": 0,
    "updated": 0
  },
  {
    "id": "79866493-6cee-467f-98aa-68c7938ee27d",
    "data": [
      {
        "text": "Reimbursement is ",
        "userDefined": false
      },
      {
        "text": "12312",
        "alias": "number",
        "meta": "@sys.number",
        "userDefined": false
      }
    ],
    "isTemplate": false,
    "count": 0,
    "updated": 0
  },
  {
    "id": "8410f8a8-6b48-47bc-a2b0-579f6abd71b7",
    "data": [
      {
        "text": "The value is ",
        "userDefined": false
      },
      {
        "text": "12312",
        "alias": "number",
        "meta": "@sys.number",
        "userDefined": false
      }
    ],
    "isTemplate": false,
    "count": 0,
    "updated": 0
  },
  {
    "id": "5eda6d1a-cc34-46d5-b0e5-d06d757bc33f",
    "data": [
      {
        "text": "000",
        "alias": "number",
        "meta": "@sys.number",
        "userDefined": false
      }
    ],
    "isTemplate": false,
    "count": 0,
    "updated": 0
  },
  {
    "id": "5bf5f313-944e-4126-be9c-da5b4091526a",
    "data": [
      {
        "text": "1651",
        "alias": "number",
        "meta": "@sys.number",
        "userDefined": false
      }
    ],
    "isTemplate": false,
    "count": 0,
    "updated": 0
  },
  {
    "id": "40482203-893f-4092-9aa6-99b5084712de",
    "data": [
      {
        "text": "156156",
        "alias": "number",
        "meta": "@sys.number",
        "userDefined": false
      }
    ],
    "isTemplate": false,
    "count": 0,
    "updated": 0
  },
  {
    "id": "1063cbed-0e79-4dfe-ae6c-4acfd6693016",
    "data": [
      {
        "text": "1213213",
        "alias": "number",
        "meta": "@sys.number",
        "userDefined": false
      }
    ],
    "isTemplate": false,
    "count": 0,
    "updated": 0
  },
  {
    "id": "b8bd3bc6-81ba-4300-a2bc-e03ea3f9e11e",
    "data": [
      {
        "text": "1",
        "alias": "number",
        "meta": "@sys.number",
        "userDefined": false
      }
    ],
    "isTemplate": false,
    "count": 0,
    "updated": 0
  }
]