[
  {
    "id": "f9a373cf-129e-4797-bf8f-eae62660c50f",
    "data": [
      {
        "text": "3",
        "alias": "number",
        "meta": "@sys.number",
        "userDefined": false
      }
    ],
    "isTemplate": false,
    "count": 0,
    "updated": 0
  },
  {
    "id": "b383c2f9-804e-4fd9-81ea-68623ea4d5e5",
    "data": [
      {
        "text": "1",
        "alias": "number",
        "meta": "@sys.number",
        "userDefined": false
      }
    ],
    "isTemplate": false,
    "count": 0,
    "updated": 0
  },
  {
    "id": "c9f6c2ce-de20-4130-9bc2-269a114430a8",
    "data": [
      {
        "text": "The amount is ",
        "userDefined": false
      },
      {
        "text": "4521",
        "alias": "number",
        "meta": "@sys.number",
        "userDefined": false
      }
    ],
    "isTemplate": false,
    "count": 0,
    "updated": 0
  },
  {
    "id": "120c7b40-cb39-4584-a6a2-970bc58c6a6f",
    "data": [
      {
        "text": "Reimbursement is ",
        "userDefined": false
      },
      {
        "text": "4234",
        "alias": "number",
        "meta": "@sys.number",
        "userDefined": false
      }
    ],
    "isTemplate": false,
    "count": 0,
    "updated": 0
  },
  {
    "id": "97d6bdcd-6d84-4f81-8694-28b577ae23ec",
    "data": [
      {
        "text": "The value is ",
        "userDefined": false
      },
      {
        "text": "123121",
        "alias": "number",
        "meta": "@sys.number",
        "userDefined": false
      }
    ],
    "isTemplate": false,
    "count": 0,
    "updated": 0
  },
  {
    "id": "842628a0-5d06-478d-9f49-1177d29bcd79",
    "data": [
      {
        "text": "1234",
        "alias": "number",
        "meta": "@sys.number",
        "userDefined": false
      }
    ],
    "isTemplate": false,
    "count": 0,
    "updated": 0
  },
  {
    "id": "fdcf2792-bced-47a8-a63e-2d8c2e597638",
    "data": [
      {
        "text": "213",
        "alias": "number",
        "meta": "@sys.number",
        "userDefined": false
      }
    ],
    "isTemplate": false,
    "count": 0,
    "updated": 0
  }
]