[
  {
    "id": "fc28d403-4626-401b-b819-17f677c4925e",
    "data": [
      {
        "text": "telephone ",
        "userDefined": false
      },
      {
        "text": "mobile",
        "meta": "@sys.ignore",
        "userDefined": false
      },
      {
        "text": " internet",
        "userDefined": false
      }
    ],
    "isTemplate": false,
    "count": 0,
    "updated": 0
  },
  {
    "id": "bd08864d-339b-4acd-9963-c30a383947b3",
    "data": [
      {
        "text": "internet",
        "userDefined": false
      }
    ],
    "isTemplate": false,
    "count": 0,
    "updated": 0
  },
  {
    "id": "c93e1f13-0173-43ad-95ba-8cdf67310876",
    "data": [
      {
        "text": "mobile",
        "userDefined": false
      }
    ],
    "isTemplate": false,
    "count": 0,
    "updated": 0
  },
  {
    "id": "aa416158-8555-424e-933d-a6fe122d7c46",
    "data": [
      {
        "text": "telephone",
        "userDefined": false
      }
    ],
    "isTemplate": false,
    "count": 0,
    "updated": 0
  },
  {
    "id": "9bd1866a-8d07-4e35-b231-3accef785d95",
    "data": [
      {
        "text": "first",
        "meta": "@sys.ignore",
        "userDefined": false
      }
    ],
    "isTemplate": false,
    "count": 0,
    "updated": 0
  },
  {
    "id": "ac82bebd-2193-4452-82ae-c6ecd3599d09",
    "data": [
      {
        "text": "first one",
        "meta": "@sys.ignore",
        "userDefined": false
      }
    ],
    "isTemplate": false,
    "count": 0,
    "updated": 0
  },
  {
    "id": "e3415f2f-7814-450a-a9d5-deee3db94adf",
    "data": [
      {
        "text": "one",
        "meta": "@sys.ignore",
        "userDefined": false
      }
    ],
    "isTemplate": false,
    "count": 0,
    "updated": 0
  },
  {
    "id": "b65e8517-74bd-4191-b900-60db5b26af87",
    "data": [
      {
        "text": "1",
        "meta": "@sys.ignore",
        "userDefined": false
      }
    ],
    "isTemplate": false,
    "count": 0,
    "updated": 0
  }
]