[
  {
    "id": "6b0afc21-e6e9-458d-9ff1-2fa761745e22",
    "data": [
      {
        "text": "no",
        "userDefined": false
      }
    ],
    "isTemplate": false,
    "count": 0,
    "updated": 0
  },
  {
    "id": "97a3ec90-8d58-4248-88f1-f5a939bdf11d",
    "data": [
      {
        "text": "revert",
        "userDefined": false
      }
    ],
    "isTemplate": false,
    "count": 0,
    "updated": 0
  },
  {
    "id": "8378c65c-8980-432d-b313-b0f7f8fbee61",
    "data": [
      {
        "text": "cancel this",
        "userDefined": false
      }
    ],
    "isTemplate": false,
    "count": 0,
    "updated": 0
  },
  {
    "id": "dbec764b-7056-485f-8f14-a65e59e96d76",
    "data": [
      {
        "text": "cancel",
        "userDefined": false
      }
    ],
    "isTemplate": false,
    "count": 0,
    "updated": 0
  },
  {
    "id": "1310019e-ca6d-4d6d-8869-cc18b2dcd882",
    "data": [
      {
        "text": "i dont want to do this right now",
        "userDefined": false
      }
    ],
    "isTemplate": false,
    "count": 0,
    "updated": 0
  },
  {
    "id": "8b10ca32-c4f1-4116-8154-90427763e06e",
    "data": [
      {
        "text": "later",
        "userDefined": false
      }
    ],
    "isTemplate": false,
    "count": 0,
    "updated": 0
  },
  {
    "id": "9702f81c-4e49-43ad-a341-d443a303fa20",
    "data": [
      {
        "text": "not now",
        "userDefined": false
      }
    ],
    "isTemplate": false,
    "count": 0,
    "updated": 0
  }
]