[
  {
    "id": "c9f06e1e-0ee7-4c82-8e76-5af3e17e73c1",
    "data": [
      {
        "text": "Medical Reimbursement",
        "userDefined": false
      }
    ],
    "isTemplate": false,
    "count": 0,
    "updated": 0
  },
  {
    "id": "c7695645-00ba-44e8-a16a-d62f62abd9fa",
    "data": [
      {
        "text": "health",
        "userDefined": false
      }
    ],
    "isTemplate": false,
    "count": 0,
    "updated": 0
  },
  {
    "id": "f24f9b89-b16c-444d-9261-4f7e5d8ed683",
    "data": [
      {
        "text": "hospital",
        "userDefined": false
      }
    ],
    "isTemplate": false,
    "count": 0,
    "updated": 0
  },
  {
    "id": "b26b9145-4e3e-45a2-bfda-e9e3f0438255",
    "data": [
      {
        "text": "medical",
        "userDefined": false
      }
    ],
    "isTemplate": false,
    "count": 0,
    "updated": 0
  },
  {
    "id": "aa74d270-9fec-43e9-9538-cb18545973ee",
    "data": [
      {
        "text": "four",
        "meta": "@sys.ignore",
        "userDefined": false
      }
    ],
    "isTemplate": false,
    "count": 0,
    "updated": 0
  },
  {
    "id": "9b057d61-ac34-4b12-9d32-776dd8484e6a",
    "data": [
      {
        "text": "4",
        "meta": "@sys.ignore",
        "userDefined": false
      }
    ],
    "isTemplate": false,
    "count": 0,
    "updated": 0
  },
  {
    "id": "eecfc09a-d372-4cdd-87b4-b084148cbd1c",
    "data": [
      {
        "text": "the ",
        "userDefined": false
      },
      {
        "text": "fourth",
        "meta": "@sys.ignore",
        "userDefined": false
      }
    ],
    "isTemplate": false,
    "count": 0,
    "updated": 0
  }
]