[
  {
    "id": "37e93b41-8918-4a66-a88d-1eddf82602ac",
    "data": [
      {
        "text": "23",
        "alias": "number",
        "meta": "@sys.number",
        "userDefined": false
      }
    ],
    "isTemplate": false,
    "count": 0,
    "updated": 0
  },
  {
    "id": "548f164e-662a-4a2e-b042-30e9ee97338c",
    "data": [
      {
        "text": "The amount is ",
        "userDefined": false
      },
      {
        "text": "1231",
        "alias": "number",
        "meta": "@sys.number",
        "userDefined": false
      }
    ],
    "isTemplate": false,
    "count": 0,
    "updated": 0
  },
  {
    "id": "c82b3b2d-7c31-40cd-9e68-8b298ef2d588",
    "data": [
      {
        "text": "The value is ",
        "userDefined": false
      },
      {
        "text": "1231",
        "alias": "number",
        "meta": "@sys.number",
        "userDefined": false
      }
    ],
    "isTemplate": false,
    "count": 0,
    "updated": 0
  }
]