[
  {
    "id": "996105df-aa04-43dd-ab54-b1cce620f693",
    "data": [
      {
        "text": "Don\u0027t do it",
        "userDefined": false
      }
    ],
    "isTemplate": false,
    "count": 0,
    "updated": 0
  },
  {
    "id": "0823c1c1-5617-4a81-b337-313d1e6ee681",
    "data": [
      {
        "text": "Revert",
        "userDefined": false
      }
    ],
    "isTemplate": false,
    "count": 0,
    "updated": 0
  },
  {
    "id": "6968bb34-2bc2-49de-96f1-6bc60128c5fa",
    "data": [
      {
        "text": "Not keen",
        "userDefined": false
      }
    ],
    "isTemplate": false,
    "count": 0,
    "updated": 0
  },
  {
    "id": "c2b0fecf-7fa7-44d5-8c8f-31131c9d9ad0",
    "data": [
      {
        "text": "some other time",
        "userDefined": false
      }
    ],
    "isTemplate": false,
    "count": 0,
    "updated": 0
  },
  {
    "id": "5cd2dee7-73af-4a79-8b0e-edb97838664e",
    "data": [
      {
        "text": "Not now",
        "userDefined": false
      }
    ],
    "isTemplate": false,
    "count": 0,
    "updated": 0
  },
  {
    "id": "53d6eb83-038c-4c2f-b3fa-d4c82c60f78e",
    "data": [
      {
        "text": "Cancel",
        "userDefined": false
      }
    ],
    "isTemplate": false,
    "count": 0,
    "updated": 0
  }
]