[
  {
    "id": "fe9215fa-22db-48a9-ac40-bc152838bad3",
    "data": [
      {
        "text": "cubic car capacity",
        "userDefined": false
      }
    ],
    "isTemplate": false,
    "count": 0,
    "updated": 0
  },
  {
    "id": "11fb1dcc-6de0-483e-b2fd-a031b4a87a04",
    "data": [
      {
        "text": "car capacity",
        "userDefined": false
      }
    ],
    "isTemplate": false,
    "count": 0,
    "updated": 0
  },
  {
    "id": "4e0bfb3a-e3b8-4a0f-b8ee-9e4341238330",
    "data": [
      {
        "text": "cubic car",
        "userDefined": false
      }
    ],
    "isTemplate": false,
    "count": 0,
    "updated": 0
  },
  {
    "id": "bd13237c-6a25-4ab3-9a49-7d8c53c658e7",
    "data": [
      {
        "text": "eighth",
        "meta": "@sys.ignore",
        "userDefined": false
      }
    ],
    "isTemplate": false,
    "count": 0,
    "updated": 0
  },
  {
    "id": "4b6630e1-3b9a-4718-9c69-3631d55cb2c9",
    "data": [
      {
        "text": "eight",
        "meta": "@sys.ignore",
        "userDefined": false
      }
    ],
    "isTemplate": false,
    "count": 0,
    "updated": 0
  },
  {
    "id": "fc6cab43-f116-453e-910d-4e9f6a7e8901",
    "data": [
      {
        "text": "8",
        "meta": "@sys.ignore",
        "userDefined": false
      }
    ],
    "isTemplate": false,
    "count": 0,
    "updated": 0
  },
  {
    "id": "37d7e302-9ae7-4110-a5db-070c2b51c0fd",
    "data": [
      {
        "text": "last one",
        "userDefined": false
      }
    ],
    "isTemplate": false,
    "count": 0,
    "updated": 0
  },
  {
    "id": "67fddef3-2ffa-4bf9-8dbe-385da1a1b68b",
    "data": [
      {
        "text": "last",
        "userDefined": false
      }
    ],
    "isTemplate": false,
    "count": 0,
    "updated": 0
  }
]