[
  {
    "id": "10441abc-8684-4460-a6fa-8a60cbee8719",
    "data": [
      {
        "text": "The value is ",
        "userDefined": false
      },
      {
        "text": "123213",
        "alias": "number",
        "meta": "@sys.number",
        "userDefined": false
      }
    ],
    "isTemplate": false,
    "count": 0,
    "updated": 0
  },
  {
    "id": "1f8acf6c-d5f7-4441-97a9-485e21a1f7c7",
    "data": [
      {
        "text": "Reimbursement is ",
        "userDefined": false
      },
      {
        "text": "1212",
        "alias": "number",
        "meta": "@sys.number",
        "userDefined": false
      }
    ],
    "isTemplate": false,
    "count": 0,
    "updated": 0
  },
  {
    "id": "5938a021-0f01-4012-b7c8-02a44919397e",
    "data": [
      {
        "text": "The amount is Rupees ",
        "userDefined": false
      },
      {
        "text": "212",
        "alias": "number",
        "meta": "@sys.number",
        "userDefined": false
      }
    ],
    "isTemplate": false,
    "count": 0,
    "updated": 0
  },
  {
    "id": "9603e0fa-4fc7-435a-8abb-635ead340fc4",
    "data": [
      {
        "text": "000",
        "alias": "number",
        "meta": "@sys.number",
        "userDefined": false
      }
    ],
    "isTemplate": false,
    "count": 0,
    "updated": 0
  },
  {
    "id": "d8922053-b34c-4424-aa9a-75dcd11822a3",
    "data": [
      {
        "text": "121212",
        "alias": "number",
        "meta": "@sys.number",
        "userDefined": false
      }
    ],
    "isTemplate": false,
    "count": 0,
    "updated": 0
  },
  {
    "id": "b241fa67-983a-47cf-b104-e2343e0e48eb",
    "data": [
      {
        "text": "1",
        "alias": "number",
        "meta": "@sys.number",
        "userDefined": false
      }
    ],
    "isTemplate": false,
    "count": 0,
    "updated": 0
  }
]