[
  {
    "id": "5cf5a149-7942-444d-b9ea-cb14ff19ac7a",
    "data": [
      {
        "text": "cancel",
        "userDefined": false
      }
    ],
    "isTemplate": false,
    "count": 0,
    "updated": 0
  },
  {
    "id": "74d51577-17c1-4831-9c29-7023031e986e",
    "data": [
      {
        "text": "Take me to menu",
        "userDefined": false
      }
    ],
    "isTemplate": false,
    "count": 0,
    "updated": 0
  },
  {
    "id": "f331337a-bb51-42a7-a29a-5aef5a272356",
    "data": [
      {
        "text": "i dont want to do this right now",
        "userDefined": false
      }
    ],
    "isTemplate": false,
    "count": 0,
    "updated": 0
  },
  {
    "id": "8e5f12f7-2795-4c33-b852-2934bab80422",
    "data": [
      {
        "text": "no",
        "userDefined": false
      }
    ],
    "isTemplate": false,
    "count": 0,
    "updated": 0
  },
  {
    "id": "1d8dd7bb-5f96-4706-99b8-b21928322009",
    "data": [
      {
        "text": "not now",
        "userDefined": false
      }
    ],
    "isTemplate": false,
    "count": 0,
    "updated": 0
  }
]