[
  {
    "id": "ee9d5496-84da-4823-afbb-4942ec2f4ff7",
    "data": [
      {
        "text": "The value is ",
        "userDefined": false
      },
      {
        "text": "12212",
        "alias": "number",
        "meta": "@sys.number",
        "userDefined": false
      }
    ],
    "isTemplate": false,
    "count": 0,
    "updated": 0
  },
  {
    "id": "965a0939-0e24-4c66-97ab-c5cea7ea89be",
    "data": [
      {
        "text": "1",
        "alias": "number",
        "meta": "@sys.number",
        "userDefined": false
      }
    ],
    "isTemplate": false,
    "count": 0,
    "updated": 0
  },
  {
    "id": "e4ec2c29-1007-47a3-8272-e477da59e5d0",
    "data": [
      {
        "text": "Reimbursement value is rupees 1221",
        "userDefined": false
      }
    ],
    "isTemplate": false,
    "count": 0,
    "updated": 0
  },
  {
    "id": "dbf3d346-acec-4481-8951-1e03a0fd46f9",
    "data": [
      {
        "text": "Amount is Rs ",
        "userDefined": false
      },
      {
        "text": "12000",
        "alias": "number",
        "meta": "@sys.number",
        "userDefined": false
      }
    ],
    "isTemplate": false,
    "count": 0,
    "updated": 0
  },
  {
    "id": "b81c415e-e7af-41af-931d-3ebb84fca7b7",
    "data": [
      {
        "text": "000000",
        "alias": "number",
        "meta": "@sys.number",
        "userDefined": false
      }
    ],
    "isTemplate": false,
    "count": 0,
    "updated": 0
  },
  {
    "id": "89dfe93c-a1ab-491a-a58c-a2194ae4b9a2",
    "data": [
      {
        "text": "12121212",
        "alias": "number",
        "meta": "@sys.number",
        "userDefined": false
      }
    ],
    "isTemplate": false,
    "count": 0,
    "updated": 0
  },
  {
    "id": "467c1482-04b1-4e1f-920d-db5a2fdb31a0",
    "data": [
      {
        "text": "1111111",
        "alias": "number",
        "meta": "@sys.number",
        "userDefined": false
      }
    ],
    "isTemplate": false,
    "count": 0,
    "updated": 0
  },
  {
    "id": "9e21d0ee-c826-4767-a849-4fd69d661832",
    "data": [
      {
        "text": "12000",
        "alias": "number",
        "meta": "@sys.number",
        "userDefined": false
      }
    ],
    "isTemplate": false,
    "count": 0,
    "updated": 0
  }
]