[
  {
    "id": "c2344ad3-937c-4da2-b840-93a92171b2f2",
    "data": [
      {
        "text": "revert",
        "userDefined": false
      }
    ],
    "isTemplate": false,
    "count": 0,
    "updated": 0
  },
  {
    "id": "7ec1dcae-efe5-470c-bfb6-5c81a194106e",
    "data": [
      {
        "text": "don\u0027t do it",
        "userDefined": false
      }
    ],
    "isTemplate": false,
    "count": 0,
    "updated": 0
  },
  {
    "id": "827b5018-0fed-4e38-b7b5-6e0b770eb36c",
    "data": [
      {
        "text": "not keen",
        "userDefined": false
      }
    ],
    "isTemplate": false,
    "count": 0,
    "updated": 0
  },
  {
    "id": "cc358e0b-f0cd-457e-bd4e-f4a4cca8bb48",
    "data": [
      {
        "text": "some other time",
        "userDefined": false
      }
    ],
    "isTemplate": false,
    "count": 0,
    "updated": 0
  },
  {
    "id": "cdf73370-5c9f-4ee3-a364-e8c6296593c4",
    "data": [
      {
        "text": "not now",
        "userDefined": false
      }
    ],
    "isTemplate": false,
    "count": 0,
    "updated": 0
  },
  {
    "id": "32f6c745-6a13-4991-ae1c-4072826ba81b",
    "data": [
      {
        "text": "cancel",
        "userDefined": false
      }
    ],
    "isTemplate": false,
    "count": 0,
    "updated": 0
  }
]