[
  {
    "id": "068ef048-a108-4027-a4a9-fdabe80041b1",
    "data": [
      {
        "text": "tiffin/meal allowance",
        "userDefined": false
      }
    ],
    "isTemplate": false,
    "count": 0,
    "updated": 0
  },
  {
    "id": "766fc71c-c484-4de6-9556-0aaa860d1c3e",
    "data": [
      {
        "text": "food",
        "userDefined": false
      }
    ],
    "isTemplate": false,
    "count": 0,
    "updated": 0
  },
  {
    "id": "fdad8f7f-3982-4ee2-8d44-960238a0c10d",
    "data": [
      {
        "text": "meal",
        "userDefined": false
      }
    ],
    "isTemplate": false,
    "count": 0,
    "updated": 0
  },
  {
    "id": "f4067656-4fab-4308-ac02-7a20196d8d39",
    "data": [
      {
        "text": "tiffin",
        "userDefined": false
      }
    ],
    "isTemplate": false,
    "count": 0,
    "updated": 0
  },
  {
    "id": "8e6da582-3688-436f-a18b-3e75d712855d",
    "data": [
      {
        "text": "second",
        "meta": "@sys.ignore",
        "userDefined": false
      },
      {
        "text": " last",
        "userDefined": false
      }
    ],
    "isTemplate": false,
    "count": 0,
    "updated": 0
  },
  {
    "id": "fc243a63-33c8-44b5-899c-92a5fdc804b8",
    "data": [
      {
        "text": "seventh one",
        "meta": "@sys.ignore",
        "userDefined": false
      }
    ],
    "isTemplate": false,
    "count": 0,
    "updated": 0
  },
  {
    "id": "25b2e090-64f7-4e28-b3ef-dd735ab06aa5",
    "data": [
      {
        "text": "seven",
        "meta": "@sys.ignore",
        "userDefined": false
      }
    ],
    "isTemplate": false,
    "count": 0,
    "updated": 0
  },
  {
    "id": "cdba7cd3-21fa-4c2b-bb9b-f84e3ddf4523",
    "data": [
      {
        "text": "7",
        "meta": "@sys.ignore",
        "userDefined": false
      }
    ],
    "isTemplate": false,
    "count": 0,
    "updated": 0
  }
]