[
  {
    "id": "7c86f6cd-4933-4d6e-8844-bc31d9ccbec2",
    "data": [
      {
        "text": "reading allowance",
        "userDefined": false
      }
    ],
    "isTemplate": false,
    "count": 0,
    "updated": 0
  },
  {
    "id": "43934945-9002-477b-96e6-30afa7beee4e",
    "data": [
      {
        "text": "books allowance",
        "userDefined": false
      }
    ],
    "isTemplate": false,
    "count": 0,
    "updated": 0
  },
  {
    "id": "4f677a72-6941-49e5-8329-ff9d8aa98522",
    "data": [
      {
        "text": "books and journal",
        "userDefined": false
      }
    ],
    "isTemplate": false,
    "count": 0,
    "updated": 0
  },
  {
    "id": "95990b3b-f1f9-4c34-90aa-29e694548df2",
    "data": [
      {
        "text": "journal",
        "userDefined": false
      }
    ],
    "isTemplate": false,
    "count": 0,
    "updated": 0
  },
  {
    "id": "79193bb0-9a90-4e81-b923-f6aaf9f38dbf",
    "data": [
      {
        "text": "books",
        "userDefined": false
      }
    ],
    "isTemplate": false,
    "count": 0,
    "updated": 0
  },
  {
    "id": "ca734849-edde-482f-bfce-216d641540a4",
    "data": [
      {
        "text": "6",
        "meta": "@sys.ignore",
        "userDefined": false
      }
    ],
    "isTemplate": false,
    "count": 0,
    "updated": 0
  },
  {
    "id": "ba12e619-b3dc-4fed-8fe3-beee7dbe0a9f",
    "data": [
      {
        "text": "6th",
        "meta": "@sys.ignore",
        "userDefined": false
      }
    ],
    "isTemplate": false,
    "count": 0,
    "updated": 0
  },
  {
    "id": "e0c643d4-fb17-4e8c-93bb-0a8947249d5a",
    "data": [
      {
        "text": "third",
        "meta": "@sys.ignore",
        "userDefined": false
      },
      {
        "text": " last",
        "userDefined": false
      }
    ],
    "isTemplate": false,
    "count": 0,
    "updated": 0
  },
  {
    "id": "09e792a5-50f2-4f30-8d27-5899c3ee2d03",
    "data": [
      {
        "text": "the ",
        "userDefined": false
      },
      {
        "text": "sixth one",
        "meta": "@sys.ignore",
        "userDefined": false
      }
    ],
    "isTemplate": false,
    "count": 0,
    "updated": 0
  }
]