[
  {
    "id": "88473b08-b629-4b66-9234-432711b8b745",
    "data": [
      {
        "text": "no",
        "userDefined": false
      }
    ],
    "isTemplate": false,
    "count": 0,
    "updated": 0
  },
  {
    "id": "952ef648-a5cf-46be-889a-1fc5137ae85d",
    "data": [
      {
        "text": "i don\u0027t have this detail",
        "userDefined": false
      }
    ],
    "isTemplate": false,
    "count": 0,
    "updated": 0
  },
  {
    "id": "97588a43-bb36-4885-9f08-c9168fc11649",
    "data": [
      {
        "text": "not now",
        "userDefined": false
      }
    ],
    "isTemplate": false,
    "count": 0,
    "updated": 0
  },
  {
    "id": "330ee14d-28c7-4bdb-8d7b-ce61e092ad1f",
    "data": [
      {
        "text": "cancel this transaction",
        "userDefined": false
      }
    ],
    "isTemplate": false,
    "count": 0,
    "updated": 0
  },
  {
    "id": "22ad8757-bdb9-46c5-b4e6-f5a6147918d3",
    "data": [
      {
        "text": "show me other options",
        "userDefined": false
      }
    ],
    "isTemplate": false,
    "count": 0,
    "updated": 0
  },
  {
    "id": "ba2bb5a8-a54d-4284-b758-bdfd9eb43362",
    "data": [
      {
        "text": "go back to menu",
        "userDefined": false
      }
    ],
    "isTemplate": false,
    "count": 0,
    "updated": 0
  },
  {
    "id": "580d1511-0532-4d04-aa87-b0d013731224",
    "data": [
      {
        "text": "I don\u0027t  want to fill this ",
        "userDefined": false
      },
      {
        "text": "one",
        "meta": "@sys.ignore",
        "userDefined": false
      },
      {
        "text": " right nows",
        "userDefined": false
      }
    ],
    "isTemplate": false,
    "count": 0,
    "updated": 0
  }
]