[
  {
    "id": "db4942d5-7e43-48a4-b471-b7b095000126",
    "data": [
      {
        "text": "1",
        "userDefined": false
      }
    ],
    "isTemplate": false,
    "count": 0,
    "updated": 0
  },
  {
    "id": "84d73c41-3eb2-4300-aae0-1b2c95ea0e6c",
    "data": [
      {
        "text": "reimbursement is rupees 12345",
        "userDefined": false
      }
    ],
    "isTemplate": false,
    "count": 0,
    "updated": 0
  },
  {
    "id": "9b88bd93-00a2-46f7-b879-099a44f9eb4d",
    "data": [
      {
        "text": "reimbursement is ",
        "userDefined": false
      },
      {
        "text": "123",
        "alias": "number",
        "meta": "@sys.number",
        "userDefined": false
      }
    ],
    "isTemplate": false,
    "count": 0,
    "updated": 0
  },
  {
    "id": "3dbae0b8-ffad-42d2-ad0a-2f06d9802904",
    "data": [
      {
        "text": "amount is rupees 123",
        "userDefined": false
      }
    ],
    "isTemplate": false,
    "count": 0,
    "updated": 0
  },
  {
    "id": "3baf19df-8665-441e-9ecd-1851c48da087",
    "data": [
      {
        "text": "amount is rs ",
        "userDefined": false
      },
      {
        "text": "12343",
        "alias": "number",
        "meta": "@sys.number",
        "userDefined": false
      }
    ],
    "isTemplate": false,
    "count": 0,
    "updated": 0
  },
  {
    "id": "2f3b8f71-96bf-47b1-ba29-78f369f933bb",
    "data": [
      {
        "text": "it is ",
        "userDefined": false
      },
      {
        "text": "12345",
        "alias": "number",
        "meta": "@sys.number",
        "userDefined": false
      }
    ],
    "isTemplate": false,
    "count": 0,
    "updated": 0
  },
  {
    "id": "3787f79b-a08f-4641-8aa9-b472251237a9",
    "data": [
      {
        "text": "amount is ",
        "userDefined": false
      },
      {
        "text": "111",
        "alias": "number",
        "meta": "@sys.number",
        "userDefined": false
      }
    ],
    "isTemplate": false,
    "count": 0,
    "updated": 0
  },
  {
    "id": "3be438ee-5da0-4a06-b0b1-160abd1d09a2",
    "data": [
      {
        "text": "the amount is ",
        "userDefined": false
      },
      {
        "text": "123",
        "alias": "number",
        "meta": "@sys.number",
        "userDefined": false
      }
    ],
    "isTemplate": false,
    "count": 0,
    "updated": 0
  },
  {
    "id": "df23b144-3b9a-4300-aba0-828289360b7e",
    "data": [
      {
        "text": "12",
        "alias": "number",
        "meta": "@sys.number",
        "userDefined": false
      }
    ],
    "isTemplate": false,
    "count": 0,
    "updated": 0
  }
]