[
  {
    "id": "4fb1589f-8ebc-49fc-aa64-8f3f4110c5b7",
    "data": [
      {
        "text": "The value is ",
        "userDefined": false
      },
      {
        "text": "232",
        "alias": "number",
        "meta": "@sys.number",
        "userDefined": false
      }
    ],
    "isTemplate": false,
    "count": 0,
    "updated": 0
  },
  {
    "id": "3a82a65f-a86c-4ecb-a6f9-8c7d9994ee01",
    "data": [
      {
        "text": "The amount is ",
        "userDefined": false
      },
      {
        "text": "213",
        "alias": "number",
        "meta": "@sys.number",
        "userDefined": false
      }
    ],
    "isTemplate": false,
    "count": 0,
    "updated": 0
  },
  {
    "id": "c9ed2d02-0e2e-4625-8b88-f1376a0db5ed",
    "data": [
      {
        "text": "212",
        "alias": "number",
        "meta": "@sys.number",
        "userDefined": false
      }
    ],
    "isTemplate": false,
    "count": 0,
    "updated": 0
  },
  {
    "id": "122ad583-a5ac-46fc-8368-86be235e810b",
    "data": [
      {
        "text": "12131",
        "alias": "number",
        "meta": "@sys.number",
        "userDefined": false
      }
    ],
    "isTemplate": false,
    "count": 0,
    "updated": 0
  }
]