[
  {
    "id": "c322946f-d5ec-4203-aab9-b050051b1db8",
    "data": [
      {
        "text": "Section-24",
        "userDefined": false
      }
    ],
    "isTemplate": false,
    "count": 0,
    "updated": 0
  },
  {
    "id": "19584ce0-133c-4044-ba24-58a7a6cc6d07",
    "data": [
      {
        "text": "Section ",
        "userDefined": false
      },
      {
        "text": "24",
        "meta": "@sys.ignore",
        "userDefined": false
      }
    ],
    "isTemplate": false,
    "count": 0,
    "updated": 0
  },
  {
    "id": "42ea1a89-9b11-4d4d-9386-4b1721bf88d7",
    "data": [
      {
        "text": "Sec-24",
        "userDefined": false
      }
    ],
    "isTemplate": false,
    "count": 0,
    "updated": 0
  }
]