[
  {
    "id": "1b57fb54-593d-4619-a735-924699b083e8",
    "data": [
      {
        "text": "i dont want to fill it now",
        "userDefined": false
      }
    ],
    "isTemplate": false,
    "count": 0,
    "updated": 0
  },
  {
    "id": "ee419a80-ca3e-48b8-89b9-462cf3eb686b",
    "data": [
      {
        "text": "cancel",
        "meta": "@sys.ignore",
        "userDefined": true
      }
    ],
    "isTemplate": false,
    "count": 0,
    "updated": 0
  },
  {
    "id": "9b12b52c-b543-40c5-be34-72895631f597",
    "data": [
      {
        "text": "not now",
        "userDefined": false
      }
    ],
    "isTemplate": false,
    "count": 0,
    "updated": 0
  },
  {
    "id": "9d2854e9-a013-480d-80b9-0a941da995a2",
    "data": [
      {
        "text": "no",
        "userDefined": false
      }
    ],
    "isTemplate": false,
    "count": 0,
    "updated": 0
  }
]