[
  {
    "id": "18b31311-50c6-4bf0-80aa-4eddb66ce8c7",
    "data": [
      {
        "text": "123",
        "alias": "number",
        "meta": "@sys.number",
        "userDefined": false
      }
    ],
    "isTemplate": false,
    "count": 0,
    "updated": 0
  },
  {
    "id": "8e7f5630-e05d-4fed-8de7-e1429b0a6d59",
    "data": [
      {
        "text": "amount is ",
        "userDefined": false
      },
      {
        "text": "123",
        "alias": "number",
        "meta": "@sys.number",
        "userDefined": false
      }
    ],
    "isTemplate": false,
    "count": 0,
    "updated": 0
  }
]