[
  {
    "id": "de455e4b-85f9-44d4-ace7-97d23300eea8",
    "data": [
      {
        "text": "none",
        "userDefined": false
      }
    ],
    "isTemplate": false,
    "count": 0,
    "updated": 0
  },
  {
    "id": "2fda85aa-ac94-4062-bb5b-68951192c8f4",
    "data": [
      {
        "text": "don\u0027t do it",
        "userDefined": false
      }
    ],
    "isTemplate": false,
    "count": 0,
    "updated": 0
  },
  {
    "id": "dc03f987-c3ac-4934-bdd9-d85ccbeb65f4",
    "data": [
      {
        "text": "revert",
        "userDefined": false
      }
    ],
    "isTemplate": false,
    "count": 0,
    "updated": 0
  },
  {
    "id": "1be3a1bc-ef34-48d8-b304-1be2b714c656",
    "data": [
      {
        "text": "no",
        "userDefined": false
      }
    ],
    "isTemplate": false,
    "count": 0,
    "updated": 0
  },
  {
    "id": "65120607-ec4d-43b0-956a-c96f0a59f8dd",
    "data": [
      {
        "text": "cancel",
        "userDefined": false
      }
    ],
    "isTemplate": false,
    "count": 0,
    "updated": 0
  }
]